"url","Label image","Label image_alt","Label image_link","Name link","Name link_link","Style value","Abv value","Ibu value","Num value 1","Raters value","Date value","Add link","Add link_link"
"https://untappd.com/toolshedbeer/beer","https://untappd.akamaized.net/site/beer_logos/beer-_312469_sm_3a9155050f1722fe6c098cb97b7001.jpeg","","https://untappd.com/b/tool-shed-brewing-company-red-rage/312469","Red Rage","https://untappd.com/b/tool-shed-brewing-company-red-rage/312469","Red Ale - American Amber / Red","5.6% ABV","32 IBU","(3.57)","2,004 Ratings","Added 02/16/13","Add","https://untappd.com/login?go_to=https://untappd.com//toolshedbeer/beer"
"https://untappd.com/toolshedbeer/beer","https://untappd.akamaized.net/site/beer_logos/beer-_325404_sm_ddebf61b02477ab37369a130000f31.jpeg","","https://untappd.com/b/tool-shed-brewing-company-people-skills/325404","People Skills","https://untappd.com/b/tool-shed-brewing-company-people-skills/325404","Cream Ale","5.2% ABV","17 IBU","(3.47)","1,999 Ratings","Added 03/12/13","Add","https://untappd.com/login?go_to=https://untappd.com//toolshedbeer/beer"
"https://untappd.com/toolshedbeer/beer","https://untappd.akamaized.net/site/beer_logos/beer-_325403_sm_7af0c11d6d922cf60ac65f906847bb.jpeg","","https://untappd.com/b/tool-shed-brewing-company-star-cheek/325403","Star Cheek","https://untappd.com/b/tool-shed-brewing-company-star-cheek/325403","IPA - American","6.2% ABV","70 IBU","(3.61)","1,754 Ratings","Added 03/12/13","Add","https://untappd.com/login?go_to=https://untappd.com//toolshedbeer/beer"
"https://untappd.com/toolshedbeer/beer","https://untappd.akamaized.net/site/beer_logos/beer-1368059_e69ce_sm.jpeg","","https://untappd.com/b/tool-shed-brewing-company-flat-cap-stout/1368059","Flat Cap Stout","https://untappd.com/b/tool-shed-brewing-company-flat-cap-stout/1368059","Stout - American","5.5% ABV","50 IBU","(3.8)","653 Ratings","Added 12/26/15","Add","https://untappd.com/login?go_to=https://untappd.com//toolshedbeer/beer"
"https://untappd.com/toolshedbeer/beer","https://untappd.akamaized.net/site/beer_logos/beer-1520480_f9230_sm.jpeg","","https://untappd.com/b/tool-shed-brewing-company-black-currant-gose/1520480","Black Currant Gose","https://untappd.com/b/tool-shed-brewing-company-black-currant-gose/1520480","Gose","4.7% ABV","N/A IBU","(3.55)","276 Ratings","Added 04/22/16","Add","https://untappd.com/login?go_to=https://untappd.com//toolshedbeer/beer"
"https://untappd.com/toolshedbeer/beer","https://untappd.akamaized.net/site/beer_logos/beer-1038947_9577f_sm.jpeg","","https://untappd.com/b/tool-shed-brewing-company-unite-red-ale/1038947","Unite Red Ale","https://untappd.com/b/tool-shed-brewing-company-unite-red-ale/1038947","Red Ale - American Amber / Red","4.6% ABV","N/A IBU","(3.5)","132 Ratings","Added 04/06/15","Add","https://untappd.com/login?go_to=https://untappd.com//toolshedbeer/beer"
"https://untappd.com/toolshedbeer/beer","https://untappd.akamaized.net/site/assets/images/temp/badge-beer-default.png","","https://untappd.com/b/tool-shed-brewing-company-full-kount-kolsch/1450326","Full Kount Kolsch","https://untappd.com/b/tool-shed-brewing-company-full-kount-kolsch/1450326","Kölsch","5.2% ABV","N/A IBU","(3.48)","132 Ratings","Added 03/02/16","Add","https://untappd.com/login?go_to=https://untappd.com//toolshedbeer/beer"
"https://untappd.com/toolshedbeer/beer","https://untappd.akamaized.net/site/assets/images/temp/badge-beer-default.png","","https://untappd.com/b/tool-shed-brewing-company-bourbon-barrel-flat-cap-stout-2016/1471911","Bourbon Barrel Flat Cap Stout (2016)","https://untappd.com/b/tool-shed-brewing-company-bourbon-barrel-flat-cap-stout-2016/1471911","Stout - Other","5.5% ABV","N/A IBU","(4.18)","30 Ratings","Added 03/18/16","Add","https://untappd.com/login?go_to=https://untappd.com//toolshedbeer/beer"
"https://untappd.com/toolshedbeer/beer","https://untappd.akamaized.net/site/assets/images/temp/badge-beer-default.png","","https://untappd.com/b/tool-shed-brewing-company-cow-killa/1069609","Cow Killa","https://untappd.com/b/tool-shed-brewing-company-cow-killa/1069609","Red Ale - American Amber / Red","5.6% ABV","N/A IBU","(3.37)","23 Ratings","Added 05/02/15","Add","https://untappd.com/login?go_to=https://untappd.com//toolshedbeer/beer"
"https://untappd.com/toolshedbeer/beer","https://untappd.akamaized.net/site/assets/images/temp/badge-beer-default.png","","https://untappd.com/b/tool-shed-brewing-company-unite-black-currant-gose/1606182","Unite Black Currant Gose","https://untappd.com/b/tool-shed-brewing-company-unite-black-currant-gose/1606182","Gose","4.7% ABV","N/A IBU","(3.38)","16 Ratings","Added 06/18/16","Add","https://untappd.com/login?go_to=https://untappd.com//toolshedbeer/beer"
"https://untappd.com/toolshedbeer/beer","https://untappd.akamaized.net/site/assets/images/temp/badge-beer-default.png","","https://untappd.com/b/tool-shed-brewing-company-six-degrees-of-kevin-bacon/824772","Six Degrees of Kevin Bacon","https://untappd.com/b/tool-shed-brewing-company-six-degrees-of-kevin-bacon/824772","Red Ale - American Amber / Red","5.6% ABV","40 IBU","(3.89)","13 Ratings","Added 09/27/14","Add","https://untappd.com/login?go_to=https://untappd.com//toolshedbeer/beer"
"https://untappd.com/toolshedbeer/beer","https://untappd.akamaized.net/site/assets/images/temp/badge-beer-default.png","","https://untappd.com/b/tool-shed-brewing-company-bombshell/1250959","BOMBSHELL","https://untappd.com/b/tool-shed-brewing-company-bombshell/1250959","Cream Ale","N/A ABV","N/A IBU","(3.19)","12 Ratings","Added 09/26/15","Add","https://untappd.com/login?go_to=https://untappd.com//toolshedbeer/beer"
"https://untappd.com/toolshedbeer/beer","https://untappd.akamaized.net/site/assets/images/temp/badge-beer-default.png","","https://untappd.com/b/tool-shed-brewing-company-big-boots/1559406","Big Boots","https://untappd.com/b/tool-shed-brewing-company-big-boots/1559406","Gose","4.7% ABV","N/A IBU","(3.83)","10 Ratings","Added 05/17/16","Add","https://untappd.com/login?go_to=https://untappd.com//toolshedbeer/beer"
"https://untappd.com/toolshedbeer/beer","https://untappd.akamaized.net/site/assets/images/temp/badge-beer-default.png","","https://untappd.com/b/tool-shed-brewing-company-continuous-hop-ipa/1577244","Continuous Hop IPA","https://untappd.com/b/tool-shed-brewing-company-continuous-hop-ipa/1577244","IPA - American","N/A ABV","N/A IBU","(4.11)","11 Ratings","Added 05/28/16","Add","https://untappd.com/login?go_to=https://untappd.com//toolshedbeer/beer"
"https://untappd.com/toolshedbeer/beer","https://untappd.akamaized.net/site/assets/images/temp/badge-beer-default.png","","https://untappd.com/b/tool-shed-brewing-company-yellow-rage/1588195","Yellow Rage","https://untappd.com/b/tool-shed-brewing-company-yellow-rage/1588195","Pale Ale - American","5.5% ABV","60 IBU","(N/A)","9 Ratings","Added 06/04/16","Add","https://untappd.com/login?go_to=https://untappd.com//toolshedbeer/beer"
"https://untappd.com/toolshedbeer/beer","https://untappd.akamaized.net/site/assets/images/temp/badge-beer-default.png","","https://untappd.com/b/tool-shed-brewing-company-honey-nut-brown-ale/1118686","Honey Nut Brown Ale","https://untappd.com/b/tool-shed-brewing-company-honey-nut-brown-ale/1118686","Brown Ale - English","6.2% ABV","N/A IBU","(N/A)","7 Ratings","Added 06/10/15","Add","https://untappd.com/login?go_to=https://untappd.com//toolshedbeer/beer"
"https://untappd.com/toolshedbeer/beer","https://untappd.akamaized.net/site/assets/images/temp/badge-beer-default.png","","https://untappd.com/b/tool-shed-brewing-company-big-boots-black-currant-gose/1641997","Big Boots Black Currant Gose","https://untappd.com/b/tool-shed-brewing-company-big-boots-black-currant-gose/1641997","Gose","4.7% ABV","N/A IBU","(N/A)","8 Ratings","Added 07/12/16","Add","https://untappd.com/login?go_to=https://untappd.com//toolshedbeer/beer"
"https://untappd.com/toolshedbeer/beer","https://untappd.akamaized.net/site/assets/images/temp/badge-beer-default.png","","https://untappd.com/b/tool-shed-brewing-company-unite-woman-s-collaboration-2016/1483056","Unite Woman's Collaboration 2016","https://untappd.com/b/tool-shed-brewing-company-unite-woman-s-collaboration-2016/1483056","Gose","4% ABV","N/A IBU","(N/A)","8 Ratings","Added 03/25/16","Add","https://untappd.com/login?go_to=https://untappd.com//toolshedbeer/beer"
"https://untappd.com/toolshedbeer/beer","https://untappd.akamaized.net/site/assets/images/temp/badge-beer-default.png","","https://untappd.com/b/tool-shed-brewing-company-peach-people-skills/1005846","Peach People Skills","https://untappd.com/b/tool-shed-brewing-company-peach-people-skills/1005846","Fruit Beer","5% ABV","20 IBU","(N/A)","6 Ratings","Added 03/11/15","Add","https://untappd.com/login?go_to=https://untappd.com//toolshedbeer/beer"
"https://untappd.com/toolshedbeer/beer","https://untappd.akamaized.net/site/assets/images/temp/badge-beer-default.png","","https://untappd.com/b/tool-shed-brewing-company-bourbon-barrel-aged-stout/1475114","Bourbon Barrel Aged Stout","https://untappd.com/b/tool-shed-brewing-company-bourbon-barrel-aged-stout/1475114","Stout - Other","5.5% ABV","N/A IBU","(N/A)","5 Ratings","Added 03/19/16","Add","https://untappd.com/login?go_to=https://untappd.com//toolshedbeer/beer"
"https://untappd.com/toolshedbeer/beer","https://untappd.akamaized.net/site/assets/images/temp/badge-beer-default.png","","https://untappd.com/b/tool-shed-brewing-company-ruby-red-star-cheek/1671004","Ruby Red Star Cheek","https://untappd.com/b/tool-shed-brewing-company-ruby-red-star-cheek/1671004","IPA - American","6.2% ABV","72 IBU","(N/A)","7 Ratings","Added 07/31/16","Add","https://untappd.com/login?go_to=https://untappd.com//toolshedbeer/beer"
"https://untappd.com/toolshedbeer/beer","https://untappd.akamaized.net/site/assets/images/temp/badge-beer-default.png","","https://untappd.com/b/tool-shed-brewing-company-espresso-cacao-nibs/1031420","Espresso Cacao Nibs","https://untappd.com/b/tool-shed-brewing-company-espresso-cacao-nibs/1031420","Red Ale - Irish","4% ABV","65 IBU","(N/A)","6 Ratings","Added 04/01/15","Add","https://untappd.com/login?go_to=https://untappd.com//toolshedbeer/beer"
"https://untappd.com/toolshedbeer/beer","https://untappd.akamaized.net/site/assets/images/temp/badge-beer-default.png","","https://untappd.com/b/tool-shed-brewing-company-grapefruit-ipa/1256768","Grapefruit Ipa","https://untappd.com/b/tool-shed-brewing-company-grapefruit-ipa/1256768","IPA - Imperial / Double","N/A ABV","N/A IBU","(N/A)","5 Ratings","Added 09/30/15","Add","https://untappd.com/login?go_to=https://untappd.com//toolshedbeer/beer"
"https://untappd.com/toolshedbeer/beer","https://untappd.akamaized.net/site/assets/images/temp/badge-beer-default.png","","https://untappd.com/b/tool-shed-brewing-company-raspberry-cream-ale/978118","Raspberry Cream Ale","https://untappd.com/b/tool-shed-brewing-company-raspberry-cream-ale/978118","Cream Ale","N/A ABV","N/A IBU","(N/A)","5 Ratings","Added 02/14/15","Add","https://untappd.com/login?go_to=https://untappd.com//toolshedbeer/beer"
"https://untappd.com/toolshedbeer/beer","https://untappd.akamaized.net/site/assets/images/temp/badge-beer-default.png","","https://untappd.com/b/tool-shed-brewing-company-belgian-dubbel-w-pineapple/1235094","Belgian Dubbel W/ Pineapple","https://untappd.com/b/tool-shed-brewing-company-belgian-dubbel-w-pineapple/1235094","Belgian Dubbel","N/A ABV","N/A IBU","(N/A)","3 Ratings","Added 09/12/15","Add","https://untappd.com/login?go_to=https://untappd.com//toolshedbeer/beer"
"https://untappd.com/toolshedbeer/beer","https://untappd.akamaized.net/site/beer_logos/beer-_312469_sm_3a9155050f1722fe6c098cb97b7001.jpeg","","https://untappd.com/b/tool-shed-brewing-company-red-rage/312469","Red Rage","https://untappd.com/b/tool-shed-brewing-company-red-rage/312469","Red Ale - American Amber / Red","5.6% ABV","32 IBU","(3.57)","2,004 Ratings","Added 02/16/13","Add","https://untappd.com/login?go_to=https://untappd.com//toolshedbeer/beer"
"https://untappd.com/toolshedbeer/beer","https://untappd.akamaized.net/site/beer_logos/beer-_325404_sm_ddebf61b02477ab37369a130000f31.jpeg","","https://untappd.com/b/tool-shed-brewing-company-people-skills/325404","People Skills","https://untappd.com/b/tool-shed-brewing-company-people-skills/325404","Cream Ale","5.2% ABV","17 IBU","(3.47)","1,999 Ratings","Added 03/12/13","Add","https://untappd.com/login?go_to=https://untappd.com//toolshedbeer/beer"
"https://untappd.com/toolshedbeer/beer","https://untappd.akamaized.net/site/beer_logos/beer-_325403_sm_7af0c11d6d922cf60ac65f906847bb.jpeg","","https://untappd.com/b/tool-shed-brewing-company-star-cheek/325403","Star Cheek","https://untappd.com/b/tool-shed-brewing-company-star-cheek/325403","IPA - American","6.2% ABV","70 IBU","(3.61)","1,754 Ratings","Added 03/12/13","Add","https://untappd.com/login?go_to=https://untappd.com//toolshedbeer/beer"
"https://untappd.com/toolshedbeer/beer","https://untappd.akamaized.net/site/beer_logos/beer-1368059_e69ce_sm.jpeg","","https://untappd.com/b/tool-shed-brewing-company-flat-cap-stout/1368059","Flat Cap Stout","https://untappd.com/b/tool-shed-brewing-company-flat-cap-stout/1368059","Stout - American","5.5% ABV","50 IBU","(3.8)","653 Ratings","Added 12/26/15","Add","https://untappd.com/login?go_to=https://untappd.com//toolshedbeer/beer"
"https://untappd.com/toolshedbeer/beer","https://untappd.akamaized.net/site/beer_logos/beer-1520480_f9230_sm.jpeg","","https://untappd.com/b/tool-shed-brewing-company-black-currant-gose/1520480","Black Currant Gose","https://untappd.com/b/tool-shed-brewing-company-black-currant-gose/1520480","Gose","4.7% ABV","N/A IBU","(3.55)","276 Ratings","Added 04/22/16","Add","https://untappd.com/login?go_to=https://untappd.com//toolshedbeer/beer"
"https://untappd.com/toolshedbeer/beer","https://untappd.akamaized.net/site/beer_logos/beer-1038947_9577f_sm.jpeg","","https://untappd.com/b/tool-shed-brewing-company-unite-red-ale/1038947","Unite Red Ale","https://untappd.com/b/tool-shed-brewing-company-unite-red-ale/1038947","Red Ale - American Amber / Red","4.6% ABV","N/A IBU","(3.5)","132 Ratings","Added 04/06/15","Add","https://untappd.com/login?go_to=https://untappd.com//toolshedbeer/beer"
"https://untappd.com/toolshedbeer/beer","https://untappd.akamaized.net/site/assets/images/temp/badge-beer-default.png","","https://untappd.com/b/tool-shed-brewing-company-full-kount-kolsch/1450326","Full Kount Kolsch","https://untappd.com/b/tool-shed-brewing-company-full-kount-kolsch/1450326","Kölsch","5.2% ABV","N/A IBU","(3.48)","132 Ratings","Added 03/02/16","Add","https://untappd.com/login?go_to=https://untappd.com//toolshedbeer/beer"
"https://untappd.com/toolshedbeer/beer","https://untappd.akamaized.net/site/assets/images/temp/badge-beer-default.png","","https://untappd.com/b/tool-shed-brewing-company-bourbon-barrel-flat-cap-stout-2016/1471911","Bourbon Barrel Flat Cap Stout (2016)","https://untappd.com/b/tool-shed-brewing-company-bourbon-barrel-flat-cap-stout-2016/1471911","Stout - Other","5.5% ABV","N/A IBU","(4.18)","30 Ratings","Added 03/18/16","Add","https://untappd.com/login?go_to=https://untappd.com//toolshedbeer/beer"
"https://untappd.com/toolshedbeer/beer","https://untappd.akamaized.net/site/assets/images/temp/badge-beer-default.png","","https://untappd.com/b/tool-shed-brewing-company-cow-killa/1069609","Cow Killa","https://untappd.com/b/tool-shed-brewing-company-cow-killa/1069609","Red Ale - American Amber / Red","5.6% ABV","N/A IBU","(3.37)","23 Ratings","Added 05/02/15","Add","https://untappd.com/login?go_to=https://untappd.com//toolshedbeer/beer"
"https://untappd.com/toolshedbeer/beer","https://untappd.akamaized.net/site/assets/images/temp/badge-beer-default.png","","https://untappd.com/b/tool-shed-brewing-company-unite-black-currant-gose/1606182","Unite Black Currant Gose","https://untappd.com/b/tool-shed-brewing-company-unite-black-currant-gose/1606182","Gose","4.7% ABV","N/A IBU","(3.38)","16 Ratings","Added 06/18/16","Add","https://untappd.com/login?go_to=https://untappd.com//toolshedbeer/beer"
"https://untappd.com/toolshedbeer/beer","https://untappd.akamaized.net/site/assets/images/temp/badge-beer-default.png","","https://untappd.com/b/tool-shed-brewing-company-six-degrees-of-kevin-bacon/824772","Six Degrees of Kevin Bacon","https://untappd.com/b/tool-shed-brewing-company-six-degrees-of-kevin-bacon/824772","Red Ale - American Amber / Red","5.6% ABV","40 IBU","(3.89)","13 Ratings","Added 09/27/14","Add","https://untappd.com/login?go_to=https://untappd.com//toolshedbeer/beer"
"https://untappd.com/toolshedbeer/beer","https://untappd.akamaized.net/site/assets/images/temp/badge-beer-default.png","","https://untappd.com/b/tool-shed-brewing-company-bombshell/1250959","BOMBSHELL","https://untappd.com/b/tool-shed-brewing-company-bombshell/1250959","Cream Ale","N/A ABV","N/A IBU","(3.19)","12 Ratings","Added 09/26/15","Add","https://untappd.com/login?go_to=https://untappd.com//toolshedbeer/beer"
"https://untappd.com/toolshedbeer/beer","https://untappd.akamaized.net/site/assets/images/temp/badge-beer-default.png","","https://untappd.com/b/tool-shed-brewing-company-big-boots/1559406","Big Boots","https://untappd.com/b/tool-shed-brewing-company-big-boots/1559406","Gose","4.7% ABV","N/A IBU","(3.83)","10 Ratings","Added 05/17/16","Add","https://untappd.com/login?go_to=https://untappd.com//toolshedbeer/beer"
"https://untappd.com/toolshedbeer/beer","https://untappd.akamaized.net/site/assets/images/temp/badge-beer-default.png","","https://untappd.com/b/tool-shed-brewing-company-continuous-hop-ipa/1577244","Continuous Hop IPA","https://untappd.com/b/tool-shed-brewing-company-continuous-hop-ipa/1577244","IPA - American","N/A ABV","N/A IBU","(4.11)","11 Ratings","Added 05/28/16","Add","https://untappd.com/login?go_to=https://untappd.com//toolshedbeer/beer"
"https://untappd.com/toolshedbeer/beer","https://untappd.akamaized.net/site/assets/images/temp/badge-beer-default.png","","https://untappd.com/b/tool-shed-brewing-company-yellow-rage/1588195","Yellow Rage","https://untappd.com/b/tool-shed-brewing-company-yellow-rage/1588195","Pale Ale - American","5.5% ABV","60 IBU","(N/A)","9 Ratings","Added 06/04/16","Add","https://untappd.com/login?go_to=https://untappd.com//toolshedbeer/beer"
"https://untappd.com/toolshedbeer/beer","https://untappd.akamaized.net/site/assets/images/temp/badge-beer-default.png","","https://untappd.com/b/tool-shed-brewing-company-honey-nut-brown-ale/1118686","Honey Nut Brown Ale","https://untappd.com/b/tool-shed-brewing-company-honey-nut-brown-ale/1118686","Brown Ale - English","6.2% ABV","N/A IBU","(N/A)","7 Ratings","Added 06/10/15","Add","https://untappd.com/login?go_to=https://untappd.com//toolshedbeer/beer"
"https://untappd.com/toolshedbeer/beer","https://untappd.akamaized.net/site/assets/images/temp/badge-beer-default.png","","https://untappd.com/b/tool-shed-brewing-company-big-boots-black-currant-gose/1641997","Big Boots Black Currant Gose","https://untappd.com/b/tool-shed-brewing-company-big-boots-black-currant-gose/1641997","Gose","4.7% ABV","N/A IBU","(N/A)","8 Ratings","Added 07/12/16","Add","https://untappd.com/login?go_to=https://untappd.com//toolshedbeer/beer"
"https://untappd.com/toolshedbeer/beer","https://untappd.akamaized.net/site/assets/images/temp/badge-beer-default.png","","https://untappd.com/b/tool-shed-brewing-company-unite-woman-s-collaboration-2016/1483056","Unite Woman's Collaboration 2016","https://untappd.com/b/tool-shed-brewing-company-unite-woman-s-collaboration-2016/1483056","Gose","4% ABV","N/A IBU","(N/A)","8 Ratings","Added 03/25/16","Add","https://untappd.com/login?go_to=https://untappd.com//toolshedbeer/beer"
"https://untappd.com/toolshedbeer/beer","https://untappd.akamaized.net/site/assets/images/temp/badge-beer-default.png","","https://untappd.com/b/tool-shed-brewing-company-peach-people-skills/1005846","Peach People Skills","https://untappd.com/b/tool-shed-brewing-company-peach-people-skills/1005846","Fruit Beer","5% ABV","20 IBU","(N/A)","6 Ratings","Added 03/11/15","Add","https://untappd.com/login?go_to=https://untappd.com//toolshedbeer/beer"
"https://untappd.com/toolshedbeer/beer","https://untappd.akamaized.net/site/assets/images/temp/badge-beer-default.png","","https://untappd.com/b/tool-shed-brewing-company-bourbon-barrel-aged-stout/1475114","Bourbon Barrel Aged Stout","https://untappd.com/b/tool-shed-brewing-company-bourbon-barrel-aged-stout/1475114","Stout - Other","5.5% ABV","N/A IBU","(N/A)","5 Ratings","Added 03/19/16","Add","https://untappd.com/login?go_to=https://untappd.com//toolshedbeer/beer"
"https://untappd.com/toolshedbeer/beer","https://untappd.akamaized.net/site/assets/images/temp/badge-beer-default.png","","https://untappd.com/b/tool-shed-brewing-company-ruby-red-star-cheek/1671004","Ruby Red Star Cheek","https://untappd.com/b/tool-shed-brewing-company-ruby-red-star-cheek/1671004","IPA - American","6.2% ABV","72 IBU","(N/A)","7 Ratings","Added 07/31/16","Add","https://untappd.com/login?go_to=https://untappd.com//toolshedbeer/beer"
"https://untappd.com/toolshedbeer/beer","https://untappd.akamaized.net/site/assets/images/temp/badge-beer-default.png","","https://untappd.com/b/tool-shed-brewing-company-espresso-cacao-nibs/1031420","Espresso Cacao Nibs","https://untappd.com/b/tool-shed-brewing-company-espresso-cacao-nibs/1031420","Red Ale - Irish","4% ABV","65 IBU","(N/A)","6 Ratings","Added 04/01/15","Add","https://untappd.com/login?go_to=https://untappd.com//toolshedbeer/beer"
"https://untappd.com/toolshedbeer/beer","https://untappd.akamaized.net/site/assets/images/temp/badge-beer-default.png","","https://untappd.com/b/tool-shed-brewing-company-grapefruit-ipa/1256768","Grapefruit Ipa","https://untappd.com/b/tool-shed-brewing-company-grapefruit-ipa/1256768","IPA - Imperial / Double","N/A ABV","N/A IBU","(N/A)","5 Ratings","Added 09/30/15","Add","https://untappd.com/login?go_to=https://untappd.com//toolshedbeer/beer"
"https://untappd.com/toolshedbeer/beer","https://untappd.akamaized.net/site/assets/images/temp/badge-beer-default.png","","https://untappd.com/b/tool-shed-brewing-company-raspberry-cream-ale/978118","Raspberry Cream Ale","https://untappd.com/b/tool-shed-brewing-company-raspberry-cream-ale/978118","Cream Ale","N/A ABV","N/A IBU","(N/A)","5 Ratings","Added 02/14/15","Add","https://untappd.com/login?go_to=https://untappd.com//toolshedbeer/beer"
"https://untappd.com/toolshedbeer/beer","https://untappd.akamaized.net/site/assets/images/temp/badge-beer-default.png","","https://untappd.com/b/tool-shed-brewing-company-belgian-dubbel-w-pineapple/1235094","Belgian Dubbel W/ Pineapple","https://untappd.com/b/tool-shed-brewing-company-belgian-dubbel-w-pineapple/1235094","Belgian Dubbel","N/A ABV","N/A IBU","(N/A)","3 Ratings","Added 09/12/15","Add","https://untappd.com/login?go_to=https://untappd.com//toolshedbeer/beer"
"https://untappd.com/WildRoseBrewery/beer","https://untappd.akamaized.net/site/beer_logos/beer-VelvetFog_7826.jpeg","","https://untappd.com/b/wild-rose-brewery-velvet-fog/7826","Velvet Fog","https://untappd.com/b/wild-rose-brewery-velvet-fog/7826","Pale Wheat Ale - American","4.5% ABV","N/A IBU","(3.52)","3,257 Ratings","Added 11/07/10","Add","https://untappd.com/login?go_to=https://untappd.com//WildRoseBrewery/beer"
"https://untappd.com/WildRoseBrewery/beer","https://untappd.akamaized.net/site/beer_logos/beer-WildRoseIPA_20394.jpeg","","https://untappd.com/b/wild-rose-brewery-canada-ipa-india-pale-ale/20394","IPA (India Pale Ale)","https://untappd.com/b/wild-rose-brewery-canada-ipa-india-pale-ale/20394","IPA - American","6% ABV","69 IBU","(3.51)","2,725 Ratings","Added 01/02/11","Add","https://untappd.com/login?go_to=https://untappd.com//WildRoseBrewery/beer"
"https://untappd.com/WildRoseBrewery/beer","https://untappd.akamaized.net/site/beer_logos/beer-30984_77e77_sm.jpeg","","https://untappd.com/b/wild-rose-brewery-canada-wraspberry-ale/30984","Wraspberry Ale","https://untappd.com/b/wild-rose-brewery-canada-wraspberry-ale/30984","Fruit Beer","4.5% ABV","12 IBU","(3.51)","2,513 Ratings","Added 02/16/11","Add","https://untappd.com/login?go_to=https://untappd.com//WildRoseBrewery/beer"
"https://untappd.com/WildRoseBrewery/beer","https://untappd.akamaized.net/site/assets/images/temp/badge-beer-default.png","","https://untappd.com/b/wild-rose-brewery-electric-avenue/573441","Electric Avenue","https://untappd.com/b/wild-rose-brewery-electric-avenue/573441","Lager - Pale","5% ABV","N/A IBU","(3.3)","1,822 Ratings","Added 01/28/14","Add","https://untappd.com/login?go_to=https://untappd.com//WildRoseBrewery/beer"
"https://untappd.com/WildRoseBrewery/beer","https://untappd.akamaized.net/site/assets/images/temp/badge-beer-default.png","","https://untappd.com/b/wild-rose-brewery-barracks-brown/594797","Barracks Brown","https://untappd.com/b/wild-rose-brewery-barracks-brown/594797","Brown Ale - English","5% ABV","22 IBU","(3.58)","1,153 Ratings","Added 02/20/14","Add","https://untappd.com/login?go_to=https://untappd.com//WildRoseBrewery/beer"
"https://untappd.com/WildRoseBrewery/beer","https://untappd.akamaized.net/site/assets/images/temp/badge-beer-default.png","","https://untappd.com/b/wild-rose-brewery-canada-cowbell/1325573","Cowbell","https://untappd.com/b/wild-rose-brewery-canada-cowbell/1325573","Sour Ale","4.5% ABV","N/A IBU","(3.42)","1,109 Ratings","Added 11/23/15","Add","https://untappd.com/login?go_to=https://untappd.com//WildRoseBrewery/beer"
"https://untappd.com/WildRoseBrewery/beer","https://untappd.akamaized.net/site/beer_logos/beer-BrownAle_18061.jpeg","","https://untappd.com/b/wild-rose-brewery-brown-ale/18061","Brown Ale","https://untappd.com/b/wild-rose-brewery-brown-ale/18061","Brown Ale - American","5% ABV","N/A IBU","(3.47)","822 Ratings","Added 12/27/10","Add","https://untappd.com/login?go_to=https://untappd.com//WildRoseBrewery/beer"
"https://untappd.com/WildRoseBrewery/beer","https://untappd.akamaized.net/site/assets/images/temp/badge-beer-default.png","","https://untappd.com/b/wild-rose-brewery-alberta-crude-oatmeal-stout/45503","Alberta Crude Oatmeal Stout","https://untappd.com/b/wild-rose-brewery-alberta-crude-oatmeal-stout/45503","Stout - Oatmeal","5.5% ABV","N/A IBU","(3.75)","840 Ratings","Added 04/22/11","Add","https://untappd.com/login?go_to=https://untappd.com//WildRoseBrewery/beer"
"https://untappd.com/WildRoseBrewery/beer","https://untappd.akamaized.net/site/assets/images/temp/badge-beer-default.png","","https://untappd.com/b/wild-rose-brewery-natural-born-keller/331004","Natural Born Keller","https://untappd.com/b/wild-rose-brewery-natural-born-keller/331004","Bock","6% ABV","40 IBU","(3.51)","716 Ratings","Added 03/21/13","Add","https://untappd.com/login?go_to=https://untappd.com//WildRoseBrewery/beer"
"https://untappd.com/WildRoseBrewery/beer","https://untappd.akamaized.net/site/beer_logos/beer-440941_ec8e9_sm.jpeg","","https://untappd.com/b/wild-rose-brewery-canada-white-shadow/440941","White Shadow","https://untappd.com/b/wild-rose-brewery-canada-white-shadow/440941","IPA - White","6% ABV","42 IBU","(3.59)","650 Ratings","Added 08/28/13","Add","https://untappd.com/login?go_to=https://untappd.com//WildRoseBrewery/beer"
"https://untappd.com/WildRoseBrewery/beer","https://untappd.akamaized.net/site/assets/images/temp/badge-beer-default.png","","https://untappd.com/b/wild-rose-brewery-s-o-b-special-old-bitter/7836","S.O.B. (Special Old Bitter)","https://untappd.com/b/wild-rose-brewery-s-o-b-special-old-bitter/7836","Extra Special / Strong Bitter","4.1% ABV","N/A IBU","(3.37)","565 Ratings","Added 11/07/10","Add","https://untappd.com/login?go_to=https://untappd.com//WildRoseBrewery/beer"
"https://untappd.com/WildRoseBrewery/beer","https://untappd.akamaized.net/site/beer_logos/beer-WredWheat_39611.jpeg","","https://untappd.com/b/wild-rose-brewery-wred-wheat/39611","Wred Wheat","https://untappd.com/b/wild-rose-brewery-wred-wheat/39611","Pale Wheat Ale - American","5% ABV","N/A IBU","(3.44)","621 Ratings","Added 03/25/11","Add","https://untappd.com/login?go_to=https://untappd.com//WildRoseBrewery/beer"
"https://untappd.com/WildRoseBrewery/beer","https://untappd.akamaized.net/site/beer_logos/beer-689156_78676_sm.jpeg","","https://untappd.com/b/wild-rose-brewery-canada-42-india-session-ale/689156","42 India Session Ale","https://untappd.com/b/wild-rose-brewery-canada-42-india-session-ale/689156","IPA - Session / India Session Ale","4.2% ABV","42 IBU","(3.56)","484 Ratings","Added 05/22/14","Add","https://untappd.com/login?go_to=https://untappd.com//WildRoseBrewery/beer"
"https://untappd.com/WildRoseBrewery/beer","https://untappd.akamaized.net/site/assets/images/temp/badge-beer-default.png","","https://untappd.com/b/wild-rose-brewery-canada-switch-hitter-ipl/1030566","Switch Hitter IPL","https://untappd.com/b/wild-rose-brewery-canada-switch-hitter-ipl/1030566","Lager - IPL (India Pale Lager)","6% ABV","69 IBU","(3.68)","396 Ratings","Added 03/30/15","Add","https://untappd.com/login?go_to=https://untappd.com//WildRoseBrewery/beer"
"https://untappd.com/WildRoseBrewery/beer","https://untappd.akamaized.net/site/assets/images/temp/badge-beer-default.png","","https://untappd.com/b/wild-rose-brewery-life-on-mars-french-farmhouse-ale/595679","Life On Mars French Farmhouse Ale","https://untappd.com/b/wild-rose-brewery-life-on-mars-french-farmhouse-ale/595679","Saison / Farmhouse Ale","8.2% ABV","30 IBU","(3.57)","352 Ratings","Added 02/21/14","Add","https://untappd.com/login?go_to=https://untappd.com//WildRoseBrewery/beer"
"https://untappd.com/WildRoseBrewery/beer","https://untappd.akamaized.net/site/assets/images/temp/badge-beer-default.png","","https://untappd.com/b/wild-rose-brewery-canada-the-big-dipa/1187335","The Big DIPA","https://untappd.com/b/wild-rose-brewery-canada-the-big-dipa/1187335","IPA - Imperial / Double","8.5% ABV","85 IBU","(3.88)","334 Ratings","Added 08/04/15","Add","https://untappd.com/login?go_to=https://untappd.com//WildRoseBrewery/beer"
"https://untappd.com/WildRoseBrewery/beer","https://untappd.akamaized.net/site/assets/images/temp/badge-beer-default.png","","https://untappd.com/b/wild-rose-brewery-gose-rider/376218","Gose Rider","https://untappd.com/b/wild-rose-brewery-gose-rider/376218","Gose","4% ABV","N/A IBU","(3.48)","272 Ratings","Added 05/31/13","Add","https://untappd.com/login?go_to=https://untappd.com//WildRoseBrewery/beer"
"https://untappd.com/WildRoseBrewery/beer","https://untappd.akamaized.net/site/beer_logos/beer-1195882_2b663_sm.jpeg","","https://untappd.com/b/wild-rose-brewery-canada-hefe-nelson/1195882","Hefe Nelson","https://untappd.com/b/wild-rose-brewery-canada-hefe-nelson/1195882","Hefeweizen","5% ABV","36 IBU","(3.64)","333 Ratings","Added 08/11/15","Add","https://untappd.com/login?go_to=https://untappd.com//WildRoseBrewery/beer"
"https://untappd.com/WildRoseBrewery/beer","https://untappd.akamaized.net/site/beer_logos/beer-946095_3adee_sm.jpeg","","https://untappd.com/b/wild-rose-brewery-canada-regal-lager/946095","Regal Lager","https://untappd.com/b/wild-rose-brewery-canada-regal-lager/946095","Schwarzbier","5.1% ABV","27 IBU","(3.58)","262 Ratings","Added 01/16/15","Add","https://untappd.com/login?go_to=https://untappd.com//WildRoseBrewery/beer"
"https://untappd.com/WildRoseBrewery/beer","https://untappd.akamaized.net/site/beer_logos/beer-1379748_3a068_sm.jpeg","","https://untappd.com/b/wild-rose-brewery-canada-belgian-style-pale-ale/1379748","Belgian Style Pale Ale","https://untappd.com/b/wild-rose-brewery-canada-belgian-style-pale-ale/1379748","Pale Ale - Belgian","5.5% ABV","45 IBU","(3.59)","254 Ratings","Added 01/04/16","Add","https://untappd.com/login?go_to=https://untappd.com//WildRoseBrewery/beer"
"https://untappd.com/WildRoseBrewery/beer","https://untappd.akamaized.net/site/assets/images/temp/badge-beer-default.png","","https://untappd.com/b/wild-rose-brewery-the-midnight-son/720735","The Midnight Son","https://untappd.com/b/wild-rose-brewery-the-midnight-son/720735","Saison / Farmhouse Ale","4.2% ABV","N/A IBU","(3.6)","229 Ratings","Added 06/20/14","Add","https://untappd.com/login?go_to=https://untappd.com//WildRoseBrewery/beer"
"https://untappd.com/WildRoseBrewery/beer","https://untappd.akamaized.net/site/assets/images/temp/badge-beer-default.png","","https://untappd.com/b/wild-rose-brewery-canada-peach-apricot-berliner-weisse/1600728","Peach-Apricot Berliner Weisse","https://untappd.com/b/wild-rose-brewery-canada-peach-apricot-berliner-weisse/1600728","Berliner Weisse","3.8% ABV","10 IBU","(3.68)","241 Ratings","Added 06/13/16","Add","https://untappd.com/login?go_to=https://untappd.com//WildRoseBrewery/beer"
"https://untappd.com/WildRoseBrewery/beer","https://untappd.akamaized.net/site/assets/images/temp/badge-beer-default.png","","https://untappd.com/b/wild-rose-brewery-canada-roggen-s-heroes/816245","Roggen's Heroes","https://untappd.com/b/wild-rose-brewery-canada-roggen-s-heroes/816245","Märzen","5.5% ABV","N/A IBU","(3.47)","177 Ratings","Added 09/19/14","Add","https://untappd.com/login?go_to=https://untappd.com//WildRoseBrewery/beer"
"https://untappd.com/WildRoseBrewery/beer","https://untappd.akamaized.net/site/beer_logos/beer-877883_a5478_sm.jpeg","","https://untappd.com/b/wild-rose-brewery-canada-unity-brew-2014-6th-annual-mosaic-ipl/877883","Unity Brew 2014 (6th Annual) - Mosaic IPL","https://untappd.com/b/wild-rose-brewery-canada-unity-brew-2014-6th-annual-mosaic-ipl/877883","Lager - IPL (India Pale Lager)","6.2% ABV","60 IBU","(3.68)","162 Ratings","Added 11/15/14","Add","https://untappd.com/login?go_to=https://untappd.com//WildRoseBrewery/beer"
"https://untappd.com/WildRoseBrewery/beer","https://untappd.akamaized.net/site/beer_logos/beer-1050064_77fb4_sm.jpeg","","https://untappd.com/b/wild-rose-brewery-canada-flanders-ave-red-barrel-aged-series/1050064","Flanders Ave Red - Barrel Aged Series","https://untappd.com/b/wild-rose-brewery-canada-flanders-ave-red-barrel-aged-series/1050064","Flanders Red Ale","4.5% ABV","20 IBU","(3.6)","178 Ratings","Added 04/16/15","Add","https://untappd.com/login?go_to=https://untappd.com//WildRoseBrewery/beer"
"https://untappd.com/BigRockBrewery/beer","https://untappd.akamaized.net/site/beer_logos/beer-3133_7ad43_sm.jpeg","","https://untappd.com/b/big-rock-brewery-traditional-ale/3133","Traditional Ale","https://untappd.com/b/big-rock-brewery-traditional-ale/3133","Brown Ale - English","5% ABV","N/A IBU","(3.46)","6,451 Ratings","Added 08/21/10","Add","https://untappd.com/login?go_to=https://untappd.com//BigRockBrewery/beer"
"https://untappd.com/BigRockBrewery/beer","https://untappd.akamaized.net/site/beer_logos/beer-12543_a651a_sm.jpeg","","https://untappd.com/b/big-rock-brewery-grasshopper-wheat-ale/12543","Grasshopper Wheat Ale","https://untappd.com/b/big-rock-brewery-grasshopper-wheat-ale/12543","Kristallweizen","5% ABV","N/A IBU","(3.28)","6,442 Ratings","Added 12/03/10","Add","https://untappd.com/login?go_to=https://untappd.com//BigRockBrewery/beer"
"https://untappd.com/BigRockBrewery/beer","https://untappd.akamaized.net/site/beer_logos/beer-49786_60afe_sm.jpeg","","https://untappd.com/b/big-rock-brewery-ipa-india-pale-ale/49786","IPA (India Pale Ale)","https://untappd.com/b/big-rock-brewery-ipa-india-pale-ale/49786","IPA - English","5.5% ABV","N/A IBU","(3.15)","3,131 Ratings","Added 05/12/11","Add","https://untappd.com/login?go_to=https://untappd.com//BigRockBrewery/beer"
"https://untappd.com/BigRockBrewery/beer","https://untappd.akamaized.net/site/beer_logos/beer-223804_2b6e1_sm.jpeg","","https://untappd.com/b/big-rock-brewery-saaz-republic-pilz/223804","Saaz Republic Pilz","https://untappd.com/b/big-rock-brewery-saaz-republic-pilz/223804","Pilsner - Czech","4.9% ABV","N/A IBU","(3.07)","2,832 Ratings","Added 09/01/12","Add","https://untappd.com/login?go_to=https://untappd.com//BigRockBrewery/beer"
"https://untappd.com/BigRockBrewery/beer","https://untappd.akamaized.net/site/assets/images/temp/badge-beer-default.png","","https://untappd.com/b/big-rock-brewery-rhine-stone-cowboy-kolsch-style-ale/660638","Rhine Stone Cowboy Kölsch Style Ale","https://untappd.com/b/big-rock-brewery-rhine-stone-cowboy-kolsch-style-ale/660638","Kölsch","4.6% ABV","N/A IBU","(3.29)","2,943 Ratings","Added 04/26/14","Add","https://untappd.com/login?go_to=https://untappd.com//BigRockBrewery/beer"
"https://untappd.com/BigRockBrewery/beer","https://untappd.akamaized.net/site/beer_logos/beer-1135540_f80b5_sm.jpeg","","https://untappd.com/b/big-rock-urban-brewery-citradelic-single-hop-ipa/1135540","Citradelic Single Hop IPA","https://untappd.com/b/big-rock-urban-brewery-citradelic-single-hop-ipa/1135540","IPA - American","6% ABV","67 IBU","(3.58)","2,687 Ratings","Added 06/23/15","Add","https://untappd.com/login?go_to=https://untappd.com//BigRockBrewery/beer"
"https://untappd.com/BigRockBrewery/beer","https://untappd.akamaized.net/site/beer_logos/beer-84531_98215_sm.jpeg","","https://untappd.com/b/big-rock-brewery-scottish-style-heavy-ale/84531","Scottish Style Heavy Ale","https://untappd.com/b/big-rock-brewery-scottish-style-heavy-ale/84531","Scotch Ale / Wee Heavy","7% ABV","1 IBU","(3.36)","2,127 Ratings","Added 10/05/11","Add","https://untappd.com/login?go_to=https://untappd.com//BigRockBrewery/beer"
"https://untappd.com/BigRockBrewery/beer","https://untappd.akamaized.net/site/beer_logos/beer-338634_8831b_sm.jpeg","","https://untappd.com/b/big-rock-brewery-purple-gas/338634","Purple Gas","https://untappd.com/b/big-rock-brewery-purple-gas/338634","Fruit Beer","5.2% ABV","N/A IBU","(3.13)","1,930 Ratings","Added 04/02/13","Add","https://untappd.com/login?go_to=https://untappd.com//BigRockBrewery/beer"
"https://untappd.com/BigRockBrewery/beer","https://untappd.akamaized.net/site/assets/images/temp/badge-beer-default.png","","https://untappd.com/b/big-rock-brewery-fowl-mouth-esb/557152","Fowl Mouth ESB","https://untappd.com/b/big-rock-brewery-fowl-mouth-esb/557152","Extra Special / Strong Bitter","5.5% ABV","N/A IBU","(3.37)","1,785 Ratings","Added 01/10/14","Add","https://untappd.com/login?go_to=https://untappd.com//BigRockBrewery/beer"
"https://untappd.com/BigRockBrewery/beer","https://untappd.akamaized.net/site/beer_logos/beer-34222_fe299_sm.jpeg","","https://untappd.com/b/big-rock-brewery-warthog-english-style-mild-ale/34222","Warthog English Style Mild Ale","https://untappd.com/b/big-rock-brewery-warthog-english-style-mild-ale/34222","Brown Ale - English","4.5% ABV","N/A IBU","(3.3)","1,882 Ratings","Added 03/02/11","Add","https://untappd.com/login?go_to=https://untappd.com//BigRockBrewery/beer"
"https://untappd.com/BigRockBrewery/beer","https://untappd.akamaized.net/site/beer_logos/beer-49998_ef2db_sm.jpeg","","https://untappd.com/b/big-rock-brewery-dunkelweizen/49998","Dunkelweizen","https://untappd.com/b/big-rock-brewery-dunkelweizen/49998","Dunkelweizen","5% ABV","N/A IBU","(3.45)","1,591 Ratings","Added 05/13/11","Add","https://untappd.com/login?go_to=https://untappd.com//BigRockBrewery/beer"
"https://untappd.com/BigRockBrewery/beer","https://untappd.akamaized.net/site/assets/images/temp/badge-beer-default.png","","https://untappd.com/b/big-rock-brewery-rock-creek-dry-cider/46522","Rock Creek Dry Cider","https://untappd.com/b/big-rock-brewery-rock-creek-dry-cider/46522","Cider","5.5% ABV","N/A IBU","(3.34)","1,341 Ratings","Added 04/26/11","Add","https://untappd.com/login?go_to=https://untappd.com//BigRockBrewery/beer"
"https://untappd.com/BigRockBrewery/beer","https://untappd.akamaized.net/site/beer_logos/beer-38203_6bf10_sm.jpeg","","https://untappd.com/b/big-rock-brewery-honey-brown-lager/38203","Honey Brown Lager","https://untappd.com/b/big-rock-brewery-honey-brown-lager/38203","Lager - American Amber / Red","5% ABV","N/A IBU","(3.29)","1,403 Ratings","Added 03/18/11","Add","https://untappd.com/login?go_to=https://untappd.com//BigRockBrewery/beer"
"https://untappd.com/BigRockBrewery/beer","https://untappd.akamaized.net/site/assets/images/temp/badge-beer-default.png","","https://untappd.com/b/big-rock-brewery-winter-spice-ale/881009","Winter Spice Ale","https://untappd.com/b/big-rock-brewery-winter-spice-ale/881009","Winter Warmer","6% ABV","N/A IBU","(3.51)","1,246 Ratings","Added 11/17/14","Add","https://untappd.com/login?go_to=https://untappd.com//BigRockBrewery/beer"
"https://untappd.com/BigRockBrewery/beer","https://untappd.akamaized.net/site/beer_logos/beer-118527_6f9cb_sm.jpeg","","https://untappd.com/b/big-rock-brewery-alberta-genuine-draft/118527","Alberta Genuine Draft","https://untappd.com/b/big-rock-brewery-alberta-genuine-draft/118527","Lager - American Light","5% ABV","N/A IBU","(2.62)","1,157 Ratings","Added 01/10/12","Add","https://untappd.com/login?go_to=https://untappd.com//BigRockBrewery/beer"
"https://untappd.com/BigRockBrewery/beer","https://untappd.akamaized.net/site/assets/images/temp/badge-beer-default.png","","https://untappd.com/b/big-rock-brewery-dead-reckoning-royal-ipa/690265","Dead Reckoning Royal IPA","https://untappd.com/b/big-rock-brewery-dead-reckoning-royal-ipa/690265","IPA - English","7.5% ABV","73 IBU","(3.31)","1,335 Ratings","Added 05/23/14","Add","https://untappd.com/login?go_to=https://untappd.com//BigRockBrewery/beer"
"https://untappd.com/BigRockBrewery/beer","https://untappd.akamaized.net/site/beer_logos/beer-1020043_4b96c_sm.jpeg","","https://untappd.com/b/big-rock-brewery-the-great-cherry-farini/1020043","The Great Cherry Farini","https://untappd.com/b/big-rock-brewery-the-great-cherry-farini/1020043","Fruit Beer","5.5% ABV","N/A IBU","(3.08)","1,219 Ratings","Added 03/22/15","Add","https://untappd.com/login?go_to=https://untappd.com//BigRockBrewery/beer"
"https://untappd.com/BigRockBrewery/beer","https://untappd.akamaized.net/site/beer_logos/beer-1013936_45c7f_sm.jpeg","","https://untappd.com/b/big-rock-brewery-mosaic-lager/1013936","Mosaic Lager","https://untappd.com/b/big-rock-brewery-mosaic-lager/1013936","Lager - IPL (India Pale Lager)","5.5% ABV","70 IBU","(3.3)","1,070 Ratings","Added 03/17/15","Add","https://untappd.com/login?go_to=https://untappd.com//BigRockBrewery/beer"
"https://untappd.com/BigRockBrewery/beer","https://untappd.akamaized.net/site/beer_logos/beer-833437_aab84_sm.jpeg","","https://untappd.com/b/big-rock-brewery-abandoned-abbey/833437","Abandoned Abbey","https://untappd.com/b/big-rock-brewery-abandoned-abbey/833437","Belgian Strong Dark Ale","9.2% ABV","28 IBU","(3.5)","983 Ratings","Added 10/04/14","Add","https://untappd.com/login?go_to=https://untappd.com//BigRockBrewery/beer"
"https://untappd.com/BigRockBrewery/beer","https://untappd.akamaized.net/site/assets/images/temp/badge-beer-default.png","","https://untappd.com/b/big-rock-brewery-hibernation-strong-ale/491199","Hibernation Strong Ale","https://untappd.com/b/big-rock-brewery-hibernation-strong-ale/491199","Brown Ale - English","6% ABV","18 IBU","(3.47)","844 Ratings","Added 10/30/13","Add","https://untappd.com/login?go_to=https://untappd.com//BigRockBrewery/beer"
"https://untappd.com/BigRockBrewery/beer","https://untappd.akamaized.net/site/beer_logos/beer-64171_e3d5e_sm.jpeg","","https://untappd.com/b/big-rock-brewery-mcnally-s-extra/64171","McNally's Extra","https://untappd.com/b/big-rock-brewery-mcnally-s-extra/64171","Red Ale - Irish","7% ABV","N/A IBU","(3.44)","642 Ratings","Added 07/13/11","Add","https://untappd.com/login?go_to=https://untappd.com//BigRockBrewery/beer"
"https://untappd.com/BigRockBrewery/beer","https://untappd.akamaized.net/site/beer_logos/beer-802572_78959_sm.jpeg","","https://untappd.com/b/big-rock-brewery-the-cascadian/802572","The Cascadian","https://untappd.com/b/big-rock-brewery-the-cascadian/802572","Brown Ale - American","6.1% ABV","N/A IBU","(3.42)","731 Ratings","Added 09/06/14","Add","https://untappd.com/login?go_to=https://untappd.com//BigRockBrewery/beer"
"https://untappd.com/BigRockBrewery/beer","https://untappd.akamaized.net/site/assets/images/temp/badge-beer-default.png","","https://untappd.com/b/big-rock-brewery-smoked-roggenbier/1257969","Smoked Roggenbier","https://untappd.com/b/big-rock-brewery-smoked-roggenbier/1257969","Roggenbier","5.5% ABV","26 IBU","(3.31)","672 Ratings","Added 10/02/15","Add","https://untappd.com/login?go_to=https://untappd.com//BigRockBrewery/beer"
"https://untappd.com/BigRockBrewery/beer","https://untappd.akamaized.net/site/beer_logos/beer-828115_85d96_sm.jpeg","","https://untappd.com/b/big-rock-brewery-steel-cut-oatmeal-raisin-stout/828115","Steel Cut Oatmeal Raisin Stout","https://untappd.com/b/big-rock-brewery-steel-cut-oatmeal-raisin-stout/828115","Stout - Oatmeal","5.5% ABV","45 IBU","(3.4)","607 Ratings","Added 09/28/14","Add","https://untappd.com/login?go_to=https://untappd.com//BigRockBrewery/beer"
"https://untappd.com/BigRockBrewery/beer","https://untappd.akamaized.net/site/beer_logos/beer-1049087_92519_sm.jpeg","","https://untappd.com/b/big-rock-urban-brewery-hollow-tree-red-ale/1049087","Hollow Tree Red Ale","https://untappd.com/b/big-rock-urban-brewery-hollow-tree-red-ale/1049087","Red Ale - American Amber / Red","5.8% ABV","55 IBU","(3.38)","632 Ratings","Added 04/15/15","Add","https://untappd.com/login?go_to=https://untappd.com//BigRockBrewery/beer"
"https://untappd.com/VillageBrewery/beer","https://untappd.akamaized.net/site/beer_logos/beer-_119190_c5896104418cfab3d38157f474e2.jpeg","","https://untappd.com/b/village-brewery-blacksmith/119190","Blacksmith","https://untappd.com/b/village-brewery-blacksmith/119190","Dark Ale","5.4% ABV","33 IBU","(3.73)","2,927 Ratings","Added 01/12/12","Add","https://untappd.com/login?go_to=https://untappd.com//VillageBrewery/beer"
"https://untappd.com/VillageBrewery/beer","https://untappd.akamaized.net/site/beer_logos/beer-_114821_05846a8a3b92e0273985c9fe7899.jpeg","","https://untappd.com/b/village-brewery-blonde/114821","Blonde","https://untappd.com/b/village-brewery-blonde/114821","Blonde Ale","4.5% ABV","15 IBU","(3.37)","2,001 Ratings","Added 12/30/11","Add","https://untappd.com/login?go_to=https://untappd.com//VillageBrewery/beer"
"https://untappd.com/VillageBrewery/beer","https://untappd.akamaized.net/site/beer_logos/beer-_168751_c661ae31a7089246472dc0813ad5.jpeg","","https://untappd.com/b/village-brewery-wit/168751","Wit","https://untappd.com/b/village-brewery-wit/168751","Witbier","4.5% ABV","13 IBU","(3.54)","1,906 Ratings","Added 05/05/12","Add","https://untappd.com/login?go_to=https://untappd.com//VillageBrewery/beer"
"https://untappd.com/VillageBrewery/beer","https://untappd.akamaized.net/site/beer_logos/beer-656779_e7856_sm.jpeg","","https://untappd.com/b/village-brewery-maiden/656779","Maiden","https://untappd.com/b/village-brewery-maiden/656779","IPA - Session / India Session Ale","4.6% ABV","33 IBU","(3.56)","1,745 Ratings","Added 04/22/14","Add","https://untappd.com/login?go_to=https://untappd.com//VillageBrewery/beer"
"https://untappd.com/VillageBrewery/beer","https://untappd.akamaized.net/site/beer_logos/beer-1485973_d7640_sm.jpeg","","https://untappd.com/b/village-brewery-squeeze/1485973","Squeeze","https://untappd.com/b/village-brewery-squeeze/1485973","Fruit Beer","4.8% ABV","12 IBU","(3.44)","856 Ratings","Added 03/27/16","Add","https://untappd.com/login?go_to=https://untappd.com//VillageBrewery/beer"
"https://untappd.com/VillageBrewery/beer","https://untappd.akamaized.net/site/beer_logos/beer-1250736_1ea00_sm.jpeg","","https://untappd.com/b/village-brewery-woodsman/1250736","Woodsman","https://untappd.com/b/village-brewery-woodsman/1250736","Red Ale - American Amber / Red","5.3% ABV","30 IBU","(3.54)","772 Ratings","Added 09/25/15","Add","https://untappd.com/login?go_to=https://untappd.com//VillageBrewery/beer"
"https://untappd.com/VillageBrewery/beer","https://untappd.akamaized.net/site/beer_logos/beer-267488_660b2_sm.jpeg","","https://untappd.com/b/village-brewery-monk/267488","Monk","https://untappd.com/b/village-brewery-monk/267488","Porter - Other","6.2% ABV","23 IBU","(3.65)","729 Ratings","Added 11/22/12","Add","https://untappd.com/login?go_to=https://untappd.com//VillageBrewery/beer"
"https://untappd.com/VillageBrewery/beer","https://untappd.akamaized.net/site/beer_logos/beer-641207_ab10d_sm.jpeg","","https://untappd.com/b/village-brewery-holy-grale/641207","Holy Grale","https://untappd.com/b/village-brewery-holy-grale/641207","Lager - American Amber / Red","5% ABV","20 IBU","(3.44)","270 Ratings","Added 04/06/14","Add","https://untappd.com/login?go_to=https://untappd.com//VillageBrewery/beer"
"https://untappd.com/VillageBrewery/beer","https://untappd.akamaized.net/site/beer_logos/beer-1423421_044a0_sm.jpeg","","https://untappd.com/b/village-brewery-friend/1423421","Friend","https://untappd.com/b/village-brewery-friend/1423421","Porter - Baltic","10% ABV","40 IBU","(3.84)","257 Ratings","Added 02/10/16","Add","https://untappd.com/login?go_to=https://untappd.com//VillageBrewery/beer"
"https://untappd.com/VillageBrewery/beer","https://untappd.akamaized.net/site/beer_logos/beer-340253_cf3d5_sm.jpeg","","https://untappd.com/b/village-brewery-barnacle/340253","Barnacle","https://untappd.com/b/village-brewery-barnacle/340253","Pilsner - Other","5% ABV","12 IBU","(3.17)","115 Ratings","Added 04/05/13","Add","https://untappd.com/login?go_to=https://untappd.com//VillageBrewery/beer"
"https://untappd.com/VillageBrewery/beer","https://untappd.akamaized.net/site/beer_logos/beer-1661488_7abb2_sm.jpeg","","https://untappd.com/b/village-brewery-rancher/1661488","Rancher","https://untappd.com/b/village-brewery-rancher/1661488","Saison / Farmhouse Ale","5.5% ABV","21 IBU","(3.66)","127 Ratings","Added 07/25/16","Add","https://untappd.com/login?go_to=https://untappd.com//VillageBrewery/beer"
"https://untappd.com/VillageBrewery/beer","https://untappd.akamaized.net/site/assets/images/temp/badge-beer-default.png","","https://untappd.com/b/village-brewery-black-smith-alberta-black-ale/1620696","Black Smith Alberta Black Ale","https://untappd.com/b/village-brewery-black-smith-alberta-black-ale/1620696","IPA - Black / Cascadian Dark Ale","5.4% ABV","N/A IBU","(3.55)","15 Ratings","Added 06/26/16","Add","https://untappd.com/login?go_to=https://untappd.com//VillageBrewery/beer"
"https://untappd.com/VillageBrewery/beer","https://untappd.akamaized.net/site/assets/images/temp/badge-beer-default.png","","https://untappd.com/b/village-brewery-szechuan-belgian-blonde/1520509","Szechuan Belgian Blonde","https://untappd.com/b/village-brewery-szechuan-belgian-blonde/1520509","Blonde Ale - Belgian Blonde / Golden","4.4% ABV","N/A IBU","(3.75)","11 Ratings","Added 04/22/16","Add","https://untappd.com/login?go_to=https://untappd.com//VillageBrewery/beer"
"https://untappd.com/VillageBrewery/beer","https://untappd.akamaized.net/site/assets/images/temp/badge-beer-default.png","","https://untappd.com/b/village-brewery-fresh-citrus-squeeze/1603049","Fresh Citrus Squeeze","https://untappd.com/b/village-brewery-fresh-citrus-squeeze/1603049","Golden Ale","N/A ABV","N/A IBU","(N/A)","9 Ratings","Added 06/16/16","Add","https://untappd.com/login?go_to=https://untappd.com//VillageBrewery/beer"
"https://untappd.com/VillageBrewery/beer","https://untappd.akamaized.net/site/assets/images/temp/badge-beer-default.png","","https://untappd.com/b/village-brewery-chocolate-cherry-blonde/1681366","Chocolate Cherry Blonde","https://untappd.com/b/village-brewery-chocolate-cherry-blonde/1681366","Blonde Ale","4.5% ABV","N/A IBU","(N/A)","7 Ratings","Added 08/07/16","Add","https://untappd.com/login?go_to=https://untappd.com//VillageBrewery/beer"
"https://untappd.com/VillageBrewery/beer","https://untappd.akamaized.net/site/beer_logos/beer-_454278_sm_fb6ee52271b0500125279fb720816e.jpeg","","https://untappd.com/b/village-brewery-el-sirocco/454278","El Sirocco","https://untappd.com/b/village-brewery-el-sirocco/454278","Blonde Ale","5.4% ABV","15 IBU","(N/A)","5 Ratings","Added 09/14/13","Add","https://untappd.com/login?go_to=https://untappd.com//VillageBrewery/beer"
"https://untappd.com/VillageBrewery/beer","https://untappd.akamaized.net/site/assets/images/temp/badge-beer-default.png","","https://untappd.com/b/village-brewery-summer-fling/1592626","Summer Fling","https://untappd.com/b/village-brewery-summer-fling/1592626","Fruit Beer","4.8% ABV","12 IBU","(N/A)","5 Ratings","Added 06/08/16","Add","https://untappd.com/login?go_to=https://untappd.com//VillageBrewery/beer"
"https://untappd.com/VillageBrewery/beer","https://untappd.akamaized.net/site/assets/images/temp/badge-beer-default.png","","https://untappd.com/b/village-brewery-lemon-dill-blonde/1542881","Lemon Dill Blonde","https://untappd.com/b/village-brewery-lemon-dill-blonde/1542881","Blonde Ale","N/A ABV","N/A IBU","(N/A)","4 Ratings","Added 05/06/16","Add","https://untappd.com/login?go_to=https://untappd.com//VillageBrewery/beer"
"https://untappd.com/VillageBrewery/beer","https://untappd.akamaized.net/site/assets/images/temp/badge-beer-default.png","","https://untappd.com/b/village-brewery-purple-rain/1543420","Purple Rain","https://untappd.com/b/village-brewery-purple-rain/1543420","Other","N/A ABV","N/A IBU","(N/A)","5 Ratings","Added 05/07/16","Add","https://untappd.com/login?go_to=https://untappd.com//VillageBrewery/beer"
"https://untappd.com/VillageBrewery/beer","https://untappd.akamaized.net/site/assets/images/temp/badge-beer-default.png","","https://untappd.com/b/village-brewery-blacksmith-black-ipa/1651716","Blacksmith Black Ipa","https://untappd.com/b/village-brewery-blacksmith-black-ipa/1651716","IPA - Black / Cascadian Dark Ale","5.4% ABV","N/A IBU","(N/A)","1 Rating","Added 07/18/16","Add","https://untappd.com/login?go_to=https://untappd.com//VillageBrewery/beer"
"https://untappd.com/VillageBrewery/beer","https://untappd.akamaized.net/site/assets/images/temp/badge-beer-default.png","","https://untappd.com/b/village-brewery-old-fashioned-cask/1545358","Old Fashioned Cask","https://untappd.com/b/village-brewery-old-fashioned-cask/1545358","Red Ale - American Amber / Red","N/A ABV","N/A IBU","(N/A)","2 Ratings","Added 05/07/16","Add","https://untappd.com/login?go_to=https://untappd.com//VillageBrewery/beer"
"https://untappd.com/VillageBrewery/beer","https://untappd.akamaized.net/site/assets/images/temp/badge-beer-default.png","","https://untappd.com/b/village-brewery-father-west-coast-ipa/1620938","Father West Coast IPA","https://untappd.com/b/village-brewery-father-west-coast-ipa/1620938","IPA - American","7.2% ABV","N/A IBU","(N/A)","1 Rating","Added 06/27/16","Add","https://untappd.com/login?go_to=https://untappd.com//VillageBrewery/beer"
"https://untappd.com/VillageBrewery/beer","https://untappd.akamaized.net/site/assets/images/temp/badge-beer-default.png","","https://untappd.com/b/village-brewery-mango-basil-wit/1705073","Mango Basil Wit","https://untappd.com/b/village-brewery-mango-basil-wit/1705073","Witbier","N/A ABV","N/A IBU","(N/A)","1 Rating","Added 08/26/16","Add","https://untappd.com/login?go_to=https://untappd.com//VillageBrewery/beer"
"https://untappd.com/VillageBrewery/beer","https://untappd.akamaized.net/site/assets/images/temp/badge-beer-default.png","","https://untappd.com/b/village-brewery-no-bull/1706806","No Bull","https://untappd.com/b/village-brewery-no-bull/1706806","Pale Wheat Ale - American","N/A ABV","N/A IBU","(N/A)","1 Rating","Added 08/27/16","Add","https://untappd.com/login?go_to=https://untappd.com//VillageBrewery/beer"
"https://untappd.com/DandyAlesyyc/beer","https://untappd.akamaized.net/site/beer_logos/beer-817721_98ed5_sm.jpeg","","https://untappd.com/b/the-dandy-brewing-company-the-dandy-in-the-underworld/817721","Dandy In The Underworld Oyster Stout","https://untappd.com/b/the-dandy-brewing-company-the-dandy-in-the-underworld/817721","Stout - Oyster","5% ABV","N/A IBU","(3.71)","909 Ratings","Added 09/20/14","Add","https://untappd.com/login?go_to=https://untappd.com//DandyAlesyyc/beer"
"https://untappd.com/DandyAlesyyc/beer","https://untappd.akamaized.net/site/beer_logos/beer-819035_7762d_sm.jpeg","","https://untappd.com/b/the-dandy-brewing-company-golden-brown-dandy/819035","Golden Brown Dandy","https://untappd.com/b/the-dandy-brewing-company-golden-brown-dandy/819035","Pale Ale - English","6% ABV","N/A IBU","(3.61)","708 Ratings","Added 09/21/14","Add","https://untappd.com/login?go_to=https://untappd.com//DandyAlesyyc/beer"
"https://untappd.com/DandyAlesyyc/beer","https://untappd.akamaized.net/site/beer_logos/beer-1069276_ad707_sm.jpeg","","https://untappd.com/b/the-dandy-brewing-company-bright-young-things-english-summer-ale/1069276","Bright Young Things: English Summer Ale","https://untappd.com/b/the-dandy-brewing-company-bright-young-things-english-summer-ale/1069276","Blonde Ale","5% ABV","N/A IBU","(3.62)","562 Ratings","Added 05/02/15","Add","https://untappd.com/login?go_to=https://untappd.com//DandyAlesyyc/beer"
"https://untappd.com/DandyAlesyyc/beer","https://untappd.akamaized.net/site/beer_logos/beer-1398279_fad24_sm.jpeg","","https://untappd.com/b/the-dandy-brewing-company-not-looking-for-a-new-england/1398279","Not Looking For A New England","https://untappd.com/b/the-dandy-brewing-company-not-looking-for-a-new-england/1398279","IPA - English","6.5% ABV","N/A IBU","(3.75)","408 Ratings","Added 01/22/16","Add","https://untappd.com/login?go_to=https://untappd.com//DandyAlesyyc/beer"
"https://untappd.com/DandyAlesyyc/beer","https://untappd.akamaized.net/site/beer_logos/beer-1293672_282af_sm.jpeg","","https://untappd.com/b/the-dandy-brewing-company-the-tailor-retailored/1293672","The Tailor Retailored","https://untappd.com/b/the-dandy-brewing-company-the-tailor-retailored/1293672","Scotch Ale / Wee Heavy","8% ABV","N/A IBU","(3.75)","303 Ratings","Added 10/30/15","Add","https://untappd.com/login?go_to=https://untappd.com//DandyAlesyyc/beer"
"https://untappd.com/DandyAlesyyc/beer","https://untappd.akamaized.net/site/assets/images/temp/badge-beer-default.png","","https://untappd.com/b/the-dandy-brewing-company-une-vielle-maitresse/1408016","Une Vielle Maitresse","https://untappd.com/b/the-dandy-brewing-company-une-vielle-maitresse/1408016","Saison / Farmhouse Ale","3.5% ABV","15 IBU","(3.73)","201 Ratings","Added 01/30/16","Add","https://untappd.com/login?go_to=https://untappd.com//DandyAlesyyc/beer"
"https://untappd.com/DandyAlesyyc/beer","https://untappd.akamaized.net/site/assets/images/temp/badge-beer-default.png","","https://untappd.com/b/the-dandy-brewing-company-t2e-ipa/1257538","T2E-IPA","https://untappd.com/b/the-dandy-brewing-company-t2e-ipa/1257538","IPA - American","7.5% ABV","65 IBU","(3.97)","186 Ratings","Added 10/01/15","Add","https://untappd.com/login?go_to=https://untappd.com//DandyAlesyyc/beer"
"https://untappd.com/DandyAlesyyc/beer","https://untappd.akamaized.net/site/beer_logos/beer-1043592_c215c_sm.jpeg","","https://untappd.com/b/the-dandy-brewing-company-smoke-boss/1043592","Smoke Boss","https://untappd.com/b/the-dandy-brewing-company-smoke-boss/1043592","Rauchbier","5.5% ABV","N/A IBU","(3.63)","218 Ratings","Added 04/11/15","Add","https://untappd.com/login?go_to=https://untappd.com//DandyAlesyyc/beer"
"https://untappd.com/DandyAlesyyc/beer","https://untappd.akamaized.net/site/assets/images/temp/badge-beer-default.png","","https://untappd.com/b/the-dandy-brewing-company-brels-brun/1466003","Brels Brun","https://untappd.com/b/the-dandy-brewing-company-brels-brun/1466003","Belgian Strong Dark Ale","9.5% ABV","N/A IBU","(4.04)","110 Ratings","Added 03/13/16","Add","https://untappd.com/login?go_to=https://untappd.com//DandyAlesyyc/beer"
"https://untappd.com/DandyAlesyyc/beer","https://untappd.akamaized.net/site/assets/images/temp/badge-beer-default.png","","https://untappd.com/b/the-dandy-brewing-company-elliot-gould-as-trapper-john-fusion-hopped-extra-pale-ale/1543134","Elliot Gould as Trapper John: Fusion Hopped Extra Pale Ale","https://untappd.com/b/the-dandy-brewing-company-elliot-gould-as-trapper-john-fusion-hopped-extra-pale-ale/1543134","Pale Ale - English","5% ABV","N/A IBU","(3.53)","111 Ratings","Added 05/06/16","Add","https://untappd.com/login?go_to=https://untappd.com//DandyAlesyyc/beer"
"https://untappd.com/DandyAlesyyc/beer","https://untappd.akamaized.net/site/assets/images/temp/badge-beer-default.png","","https://untappd.com/b/the-dandy-brewing-company-dandy-edition-part-time-punks/1419110","Dandy Edition: Part Time Punks","https://untappd.com/b/the-dandy-brewing-company-dandy-edition-part-time-punks/1419110","Sour Ale","5% ABV","N/A IBU","(3.95)","109 Ratings","Added 02/06/16","Add","https://untappd.com/login?go_to=https://untappd.com//DandyAlesyyc/beer"
"https://untappd.com/DandyAlesyyc/beer","https://untappd.akamaized.net/site/assets/images/temp/badge-beer-default.png","","https://untappd.com/b/the-dandy-brewing-company-the-dandy/1532747","The Dandy","https://untappd.com/b/the-dandy-brewing-company-the-dandy/1532747","Sour Ale","4.6% ABV","N/A IBU","(4.03)","95 Ratings","Added 04/30/16","Add","https://untappd.com/login?go_to=https://untappd.com//DandyAlesyyc/beer"
"https://untappd.com/DandyAlesyyc/beer","https://untappd.akamaized.net/site/assets/images/temp/badge-beer-default.png","","https://untappd.com/b/the-dandy-brewing-company-donald-sutherland-as-hawkeye-pierce-jester-hopped-extra-pale-ale/1542897","Donald Sutherland as Hawkeye Pierce: Jester Hopped Extra Pale Ale","https://untappd.com/b/the-dandy-brewing-company-donald-sutherland-as-hawkeye-pierce-jester-hopped-extra-pale-ale/1542897","Pale Ale - American","5% ABV","N/A IBU","(3.9)","109 Ratings","Added 05/06/16","Add","https://untappd.com/login?go_to=https://untappd.com//DandyAlesyyc/beer"
"https://untappd.com/DandyAlesyyc/beer","https://untappd.akamaized.net/site/assets/images/temp/badge-beer-default.png","","https://untappd.com/b/dandy-the-jungle-bird/1438103","The Jungle Bird","https://untappd.com/b/dandy-the-jungle-bird/1438103","Sour Ale","5% ABV","N/A IBU","(3.79)","101 Ratings","Added 02/21/16","Add","https://untappd.com/login?go_to=https://untappd.com//DandyAlesyyc/beer"
"https://untappd.com/DandyAlesyyc/beer","https://untappd.akamaized.net/site/assets/images/temp/badge-beer-default.png","","https://untappd.com/b/the-dandy-brewing-company-summertime-and-the-living-s-easy/1623633","Summertime (and the Living's Easy)","https://untappd.com/b/the-dandy-brewing-company-summertime-and-the-living-s-easy/1623633","Sour Ale","7.5% ABV","N/A IBU","(4.04)","101 Ratings","Added 06/29/16","Add","https://untappd.com/login?go_to=https://untappd.com//DandyAlesyyc/beer"
"https://untappd.com/DandyAlesyyc/beer","https://untappd.akamaized.net/site/assets/images/temp/badge-beer-default.png","","https://untappd.com/b/the-dandy-brewing-company-prince-of-the-rodeo/1637489","Prince of the Rodeo","https://untappd.com/b/the-dandy-brewing-company-prince-of-the-rodeo/1637489","Sour Ale","4% ABV","N/A IBU","(3.83)","96 Ratings","Added 07/09/16","Add","https://untappd.com/login?go_to=https://untappd.com//DandyAlesyyc/beer"
"https://untappd.com/DandyAlesyyc/beer","https://untappd.akamaized.net/site/assets/images/temp/badge-beer-default.png","","https://untappd.com/b/the-dandy-brewing-company-the-honourable-gwendolen-fairfax/1454199","The Honourable Gwendolen Fairfax","https://untappd.com/b/the-dandy-brewing-company-the-honourable-gwendolen-fairfax/1454199","Stout - Irish Dry","4.5% ABV","N/A IBU","(3.99)","87 Ratings","Added 03/05/16","Add","https://untappd.com/login?go_to=https://untappd.com//DandyAlesyyc/beer"
"https://untappd.com/DandyAlesyyc/beer","https://untappd.akamaized.net/site/assets/images/temp/badge-beer-default.png","","https://untappd.com/b/the-dandy-brewing-company-the-julia/1321376","The Julia","https://untappd.com/b/the-dandy-brewing-company-the-julia/1321376","Sour Ale","6.5% ABV","N/A IBU","(4.01)","60 Ratings","Added 11/21/15","Add","https://untappd.com/login?go_to=https://untappd.com//DandyAlesyyc/beer"
"https://untappd.com/DandyAlesyyc/beer","https://untappd.akamaized.net/site/assets/images/temp/badge-beer-default.png","","https://untappd.com/b/the-dandy-brewing-company-raspberry-hibiscus-gose/1507006","Raspberry Hibiscus Gose","https://untappd.com/b/the-dandy-brewing-company-raspberry-hibiscus-gose/1507006","Gose","N/A ABV","N/A IBU","(3.91)","63 Ratings","Added 04/11/16","Add","https://untappd.com/login?go_to=https://untappd.com//DandyAlesyyc/beer"
"https://untappd.com/DandyAlesyyc/beer","https://untappd.akamaized.net/site/assets/images/temp/badge-beer-default.png","","https://untappd.com/b/the-dandy-brewing-company-mein-liebster-feind/1613844","Mein Liebster Feind","https://untappd.com/b/the-dandy-brewing-company-mein-liebster-feind/1613844","Hefeweizen","6.5% ABV","N/A IBU","(3.83)","62 Ratings","Added 06/23/16","Add","https://untappd.com/login?go_to=https://untappd.com//DandyAlesyyc/beer"
"https://untappd.com/DandyAlesyyc/beer","https://untappd.akamaized.net/site/assets/images/temp/badge-beer-default.png","","https://untappd.com/b/the-dandy-brewing-company-black-isa-collab/1530633","Black ISA Collab","https://untappd.com/b/the-dandy-brewing-company-black-isa-collab/1530633","IPA - Session / India Session Ale","4.2% ABV","40 IBU","(3.97)","62 Ratings","Added 04/28/16","Add","https://untappd.com/login?go_to=https://untappd.com//DandyAlesyyc/beer"
"https://untappd.com/DandyAlesyyc/beer","https://untappd.akamaized.net/site/assets/images/temp/badge-beer-default.png","","https://untappd.com/b/the-dandy-brewing-company-phil-paul/1669040","Phil Paul","https://untappd.com/b/the-dandy-brewing-company-phil-paul/1669040","Pale Ale - American","6.2% ABV","N/A IBU","(3.96)","57 Ratings","Added 07/30/16","Add","https://untappd.com/login?go_to=https://untappd.com//DandyAlesyyc/beer"
"https://untappd.com/DandyAlesyyc/beer","https://untappd.akamaized.net/site/assets/images/temp/badge-beer-default.png","","https://untappd.com/b/the-dandy-brewing-company-dandy-edition-oud-byron-sour-brown-ale/1069274","Dandy Edition: Oud Byron Sour Brown Ale","https://untappd.com/b/the-dandy-brewing-company-dandy-edition-oud-byron-sour-brown-ale/1069274","Sour Ale","6.04% ABV","N/A IBU","(3.78)","50 Ratings","Added 05/02/15","Add","https://untappd.com/login?go_to=https://untappd.com//DandyAlesyyc/beer"
"https://untappd.com/DandyAlesyyc/beer","https://untappd.akamaized.net/site/assets/images/temp/badge-beer-default.png","","https://untappd.com/b/the-dandy-brewing-company-cheeky-chappie/1415646","Cheeky Chappie","https://untappd.com/b/the-dandy-brewing-company-cheeky-chappie/1415646","English Mild Ale","5% ABV","N/A IBU","(3.81)","51 Ratings","Added 02/05/16","Add","https://untappd.com/login?go_to=https://untappd.com//DandyAlesyyc/beer"
"https://untappd.com/DandyAlesyyc/beer","https://untappd.akamaized.net/site/assets/images/temp/badge-beer-default.png","","https://untappd.com/b/the-dandy-brewing-company-the-dandy-edition-aint-life-strange/1640722","The Dandy Edition: Aint Life Strange","https://untappd.com/b/the-dandy-brewing-company-the-dandy-edition-aint-life-strange/1640722","Stout - Imperial / Double","9.5% ABV","78 IBU","(3.84)","53 Ratings","Added 07/10/16","Add","https://untappd.com/login?go_to=https://untappd.com//DandyAlesyyc/beer"
"https://untappd.com/BandedPeakBrewing/beer","https://untappd.akamaized.net/site/assets/images/temp/badge-beer-default.png","","https://untappd.com/b/banded-peak-brewing-summit-seeker-ipa/1542857","Summit Seeker IPA","https://untappd.com/b/banded-peak-brewing-summit-seeker-ipa/1542857","IPA - American","6.5% ABV","65 IBU","(3.83)","291 Ratings","Added 05/06/16","Add","https://untappd.com/login?go_to=https://untappd.com//BandedPeakBrewing/beer"
"https://untappd.com/BandedPeakBrewing/beer","https://untappd.akamaized.net/site/assets/images/temp/badge-beer-default.png","","https://untappd.com/b/banded-peak-brewing-plainsbreaker-hopped-wheat-ale/1542862","Plainsbreaker Hopped Wheat Ale","https://untappd.com/b/banded-peak-brewing-plainsbreaker-hopped-wheat-ale/1542862","Pale Wheat Ale - American","5% ABV","24 IBU","(3.9)","263 Ratings","Added 05/06/16","Add","https://untappd.com/login?go_to=https://untappd.com//BandedPeakBrewing/beer"
"https://untappd.com/BandedPeakBrewing/beer","https://untappd.akamaized.net/site/assets/images/temp/badge-beer-default.png","","https://untappd.com/b/banded-peak-brewing-chinook-saison/1593140","Chinook Saison","https://untappd.com/b/banded-peak-brewing-chinook-saison/1593140","Saison / Farmhouse Ale","4.5% ABV","25 IBU","(3.72)","142 Ratings","Added 06/09/16","Add","https://untappd.com/login?go_to=https://untappd.com//BandedPeakBrewing/beer"
"https://untappd.com/BandedPeakBrewing/beer","https://untappd.akamaized.net/site/assets/images/temp/badge-beer-default.png","","https://untappd.com/b/banded-peak-brewing-cherry-saison/1689574","Cherry Saison","https://untappd.com/b/banded-peak-brewing-cherry-saison/1689574","Saison / Farmhouse Ale","7% ABV","N/A IBU","(3.53)","32 Ratings","Added 08/13/16","Add","https://untappd.com/login?go_to=https://untappd.com//BandedPeakBrewing/beer"
"https://untappd.com/BandedPeakBrewing/beer","https://untappd.akamaized.net/site/assets/images/temp/badge-beer-default.png","","https://untappd.com/b/banded-peak-brewing-tropical-saison/1670845","Tropical Saison","https://untappd.com/b/banded-peak-brewing-tropical-saison/1670845","Saison / Farmhouse Ale","6.5% ABV","40 IBU","(3.35)","15 Ratings","Added 07/31/16","Add","https://untappd.com/login?go_to=https://untappd.com//BandedPeakBrewing/beer"
"https://untappd.com/BandedPeakBrewing/beer","https://untappd.akamaized.net/site/assets/images/temp/badge-beer-default.png","","https://untappd.com/b/banded-peak-brewing-chinook-smash/1638673","Chinook SMaSH","https://untappd.com/b/banded-peak-brewing-chinook-smash/1638673","Pale Ale - American","N/A ABV","N/A IBU","(N/A)","4 Ratings","Added 07/09/16","Add","https://untappd.com/login?go_to=https://untappd.com//BandedPeakBrewing/beer"
"https://untappd.com/BandedPeakBrewing/beer","https://untappd.akamaized.net/site/assets/images/temp/badge-beer-default.png","","https://untappd.com/b/banded-peak-brewing-coffee-ipa/1669776","Coffee IPA","https://untappd.com/b/banded-peak-brewing-coffee-ipa/1669776","IPA - American","N/A ABV","N/A IBU","(N/A)","3 Ratings","Added 07/31/16","Add","https://untappd.com/login?go_to=https://untappd.com//BandedPeakBrewing/beer"
"https://untappd.com/BandedPeakBrewing/beer","https://untappd.akamaized.net/site/assets/images/temp/badge-beer-default.png","","https://untappd.com/b/banded-peak-brewing-plainsbreaker-cask-pina-colada-version/1711577","Plainsbreaker Cask, Pina Colada Version","https://untappd.com/b/banded-peak-brewing-plainsbreaker-cask-pina-colada-version/1711577","Pale Wheat Ale - American","N/A ABV","N/A IBU","(N/A)","3 Ratings","Added 08/30/16","Add","https://untappd.com/login?go_to=https://untappd.com//BandedPeakBrewing/beer"
"https://untappd.com/lastbestbrew/beer","https://untappd.akamaized.net/site/assets/images/temp/badge-beer-default.png","","https://untappd.com/b/last-best-brewing-and-distilling-ipa/648985","IPA","https://untappd.com/b/last-best-brewing-and-distilling-ipa/648985","IPA - American","6.5% ABV","65 IBU","(3.84)","1,667 Ratings","Added 04/14/14","Add","https://untappd.com/login?go_to=https://untappd.com//lastbestbrew/beer"
"https://untappd.com/lastbestbrew/beer","https://untappd.akamaized.net/site/assets/images/temp/badge-beer-default.png","","https://untappd.com/b/last-best-brewing-and-distilling-show-pony-pale-ale/636609","Show Pony Pale Ale","https://untappd.com/b/last-best-brewing-and-distilling-show-pony-pale-ale/636609","Pale Ale - American","5% ABV","22 IBU","(3.61)","1,374 Ratings","Added 04/03/14","Add","https://untappd.com/login?go_to=https://untappd.com//lastbestbrew/beer"
"https://untappd.com/lastbestbrew/beer","https://untappd.akamaized.net/site/assets/images/temp/badge-beer-default.png","","https://untappd.com/b/last-best-brewing-and-distilling-dirty-bird-black-lager/692980","Dirty Bird Black Lager","https://untappd.com/b/last-best-brewing-and-distilling-dirty-bird-black-lager/692980","Schwarzbier","5% ABV","N/A IBU","(3.63)","1,147 Ratings","Added 05/25/14","Add","https://untappd.com/login?go_to=https://untappd.com//lastbestbrew/beer"
"https://untappd.com/lastbestbrew/beer","https://untappd.akamaized.net/site/assets/images/temp/badge-beer-default.png","","https://untappd.com/b/last-best-brewing-and-distilling-there-will-be-porter/667852","There Will Be Porter","https://untappd.com/b/last-best-brewing-and-distilling-there-will-be-porter/667852","Porter - English","5.5% ABV","22 IBU","(3.75)","835 Ratings","Added 05/03/14","Add","https://untappd.com/login?go_to=https://untappd.com//lastbestbrew/beer"
"https://untappd.com/lastbestbrew/beer","https://untappd.akamaized.net/site/assets/images/temp/badge-beer-default.png","","https://untappd.com/b/last-best-brewing-and-distilling-caramel-latte-beer/1081657","Caramel Latte Beer","https://untappd.com/b/last-best-brewing-and-distilling-caramel-latte-beer/1081657","Cream Ale","5.3% ABV","20 IBU","(3.81)","607 Ratings","Added 05/11/15","Add","https://untappd.com/login?go_to=https://untappd.com//lastbestbrew/beer"
"https://untappd.com/lastbestbrew/beer","https://untappd.akamaized.net/site/assets/images/temp/badge-beer-default.png","","https://untappd.com/b/last-best-brewing-and-distilling-olsch-kolsch-b-golsch/1078288","Olsch Kölsch B'golsch","https://untappd.com/b/last-best-brewing-and-distilling-olsch-kolsch-b-golsch/1078288","Kölsch","4.8% ABV","N/A IBU","(3.5)","544 Ratings","Added 05/09/15","Add","https://untappd.com/login?go_to=https://untappd.com//lastbestbrew/beer"
"https://untappd.com/lastbestbrew/beer","https://untappd.akamaized.net/site/assets/images/temp/badge-beer-default.png","","https://untappd.com/b/last-best-brewing-and-distilling-the-afternoon-show-with-kelly-wipa/855358","The Afternoon Show With Kelly WIPA","https://untappd.com/b/last-best-brewing-and-distilling-the-afternoon-show-with-kelly-wipa/855358","IPA - White","6.5% ABV","42 IBU","(3.59)","347 Ratings","Added 10/25/14","Add","https://untappd.com/login?go_to=https://untappd.com//lastbestbrew/beer"
"https://untappd.com/lastbestbrew/beer","https://untappd.akamaized.net/site/assets/images/temp/badge-beer-default.png","","https://untappd.com/b/last-best-brewing-and-distilling-ipa-2/1369687","IPA #2","https://untappd.com/b/last-best-brewing-and-distilling-ipa-2/1369687","IPA - American","6.5% ABV","75 IBU","(3.9)","292 Ratings","Added 12/27/15","Add","https://untappd.com/login?go_to=https://untappd.com//lastbestbrew/beer"
"https://untappd.com/lastbestbrew/beer","https://untappd.akamaized.net/site/assets/images/temp/badge-beer-default.png","","https://untappd.com/b/last-best-brewing-and-distilling-faster-horses/1144920","Faster Horses","https://untappd.com/b/last-best-brewing-and-distilling-faster-horses/1144920","Pale Ale - American","3.5% ABV","16 IBU","(3.4)","261 Ratings","Added 07/01/15","Add","https://untappd.com/login?go_to=https://untappd.com//lastbestbrew/beer"
"https://untappd.com/lastbestbrew/beer","https://untappd.akamaized.net/site/assets/images/temp/badge-beer-default.png","","https://untappd.com/b/last-best-brewing-and-distilling-big-rock-collaboration/1138854","Collaboration Brew #1","https://untappd.com/b/last-best-brewing-and-distilling-big-rock-collaboration/1138854","Pale Ale - American","6.1% ABV","N/A IBU","(3.66)","244 Ratings","Added 06/26/15","Add","https://untappd.com/login?go_to=https://untappd.com//lastbestbrew/beer"
"https://untappd.com/lastbestbrew/beer","https://untappd.akamaized.net/site/assets/images/temp/badge-beer-default.png","","https://untappd.com/b/last-best-brewing-and-distilling-king-ralph-s-imperial-ipa/960559","King Ralph's Imperial IPA","https://untappd.com/b/last-best-brewing-and-distilling-king-ralph-s-imperial-ipa/960559","IPA - Imperial / Double","7.5% ABV","70 IBU","(3.87)","200 Ratings","Added 01/30/15","Add","https://untappd.com/login?go_to=https://untappd.com//lastbestbrew/beer"
"https://untappd.com/lastbestbrew/beer","https://untappd.akamaized.net/site/assets/images/temp/badge-beer-default.png","","https://untappd.com/b/last-best-brewing-and-distilling-oak-aged-imperial-stout/1080271","Oak Aged Imperial Stout","https://untappd.com/b/last-best-brewing-and-distilling-oak-aged-imperial-stout/1080271","Stout - Imperial / Double","9% ABV","N/A IBU","(3.92)","181 Ratings","Added 05/10/15","Add","https://untappd.com/login?go_to=https://untappd.com//lastbestbrew/beer"
"https://untappd.com/lastbestbrew/beer","https://untappd.akamaized.net/site/assets/images/temp/badge-beer-default.png","","https://untappd.com/b/last-best-brewing-and-distilling-not-your-father-s-lager/1336450","Not Your Father's Lager","https://untappd.com/b/last-best-brewing-and-distilling-not-your-father-s-lager/1336450","Lager - Vienna / Amber","5.4% ABV","18 IBU","(3.66)","191 Ratings","Added 12/02/15","Add","https://untappd.com/login?go_to=https://untappd.com//lastbestbrew/beer"
"https://untappd.com/lastbestbrew/beer","https://untappd.akamaized.net/site/assets/images/temp/badge-beer-default.png","","https://untappd.com/b/last-best-brewing-and-distilling-more-money/1144943","More Money","https://untappd.com/b/last-best-brewing-and-distilling-more-money/1144943","IPA - Imperial / Double","8.7% ABV","115 IBU","(3.92)","170 Ratings","Added 07/01/15","Add","https://untappd.com/login?go_to=https://untappd.com//lastbestbrew/beer"
"https://untappd.com/lastbestbrew/beer","https://untappd.akamaized.net/site/assets/images/temp/badge-beer-default.png","","https://untappd.com/b/last-best-brewing-and-distilling-r-o-c-k-in-the-i-s-a/1121988","R-O-C-K In the I-S-A","https://untappd.com/b/last-best-brewing-and-distilling-r-o-c-k-in-the-i-s-a/1121988","IPA - Session / India Session Ale","3.8% ABV","35 IBU","(3.45)","177 Ratings","Added 06/12/15","Add","https://untappd.com/login?go_to=https://untappd.com//lastbestbrew/beer"
"https://untappd.com/lastbestbrew/beer","https://untappd.akamaized.net/site/assets/images/temp/badge-beer-default.png","","https://untappd.com/b/last-best-brewing-and-distilling-red-fife-wheat-ale/1261684","Red Fife Wheat Ale","https://untappd.com/b/last-best-brewing-and-distilling-red-fife-wheat-ale/1261684","Pale Wheat Ale - American","5.6% ABV","18 IBU","(3.56)","152 Ratings","Added 10/03/15","Add","https://untappd.com/login?go_to=https://untappd.com//lastbestbrew/beer"
"https://untappd.com/lastbestbrew/beer","https://untappd.akamaized.net/site/assets/images/temp/badge-beer-default.png","","https://untappd.com/b/last-best-brewing-and-distilling-younger-women/1144873","Younger Women","https://untappd.com/b/last-best-brewing-and-distilling-younger-women/1144873","Blonde Ale - Belgian Blonde / Golden","6% ABV","18 IBU","(3.62)","142 Ratings","Added 07/01/15","Add","https://untappd.com/login?go_to=https://untappd.com//lastbestbrew/beer"
"https://untappd.com/lastbestbrew/beer","https://untappd.akamaized.net/site/assets/images/temp/badge-beer-default.png","","https://untappd.com/b/last-best-brewing-and-distilling-imperial-porter/1298418","Imperial Porter (Rum BA)","https://untappd.com/b/last-best-brewing-and-distilling-imperial-porter/1298418","Porter - Imperial / Double","10.5% ABV","30 IBU","(4.01)","130 Ratings","Added 11/01/15","Add","https://untappd.com/login?go_to=https://untappd.com//lastbestbrew/beer"
"https://untappd.com/lastbestbrew/beer","https://untappd.akamaized.net/site/assets/images/temp/badge-beer-default.png","","https://untappd.com/b/last-best-brewing-and-distilling-hefeweizen/1558247","Hefeweizen","https://untappd.com/b/last-best-brewing-and-distilling-hefeweizen/1558247","Hefeweizen","5.3% ABV","12 IBU","(3.73)","129 Ratings","Added 05/16/16","Add","https://untappd.com/login?go_to=https://untappd.com//lastbestbrew/beer"
"https://untappd.com/lastbestbrew/beer","https://untappd.akamaized.net/site/assets/images/temp/badge-beer-default.png","","https://untappd.com/b/last-best-brewing-and-distilling-older-whiskey/1144952","Older Whiskey","https://untappd.com/b/last-best-brewing-and-distilling-older-whiskey/1144952","Scotch Ale / Wee Heavy","7.4% ABV","26 IBU","(3.82)","127 Ratings","Added 07/01/15","Add","https://untappd.com/login?go_to=https://untappd.com//lastbestbrew/beer"
"https://untappd.com/lastbestbrew/beer","https://untappd.akamaized.net/site/assets/images/temp/badge-beer-default.png","","https://untappd.com/b/last-best-brewing-and-distilling-hoppy-hefeweizen/1492288","Hoppy Hefeweizen","https://untappd.com/b/last-best-brewing-and-distilling-hoppy-hefeweizen/1492288","Hefeweizen","5.2% ABV","120 IBU","(3.76)","129 Ratings","Added 04/01/16","Add","https://untappd.com/login?go_to=https://untappd.com//lastbestbrew/beer"
"https://untappd.com/lastbestbrew/beer","https://untappd.akamaized.net/site/assets/images/temp/badge-beer-default.png","","https://untappd.com/b/last-best-brewing-and-distilling-pekko-pale-ale/1427555","Pekko Pale Ale","https://untappd.com/b/last-best-brewing-and-distilling-pekko-pale-ale/1427555","Pale Ale - American","5.9% ABV","65 IBU","(3.75)","117 Ratings","Added 02/13/16","Add","https://untappd.com/login?go_to=https://untappd.com//lastbestbrew/beer"
"https://untappd.com/lastbestbrew/beer","https://untappd.akamaized.net/site/assets/images/temp/badge-beer-default.png","","https://untappd.com/b/last-best-brewing-and-distilling-good-times-organic-lager/729677","Good Times Organic Lager","https://untappd.com/b/last-best-brewing-and-distilling-good-times-organic-lager/729677","Lager - Pale","4% ABV","N/A IBU","(3.28)","116 Ratings","Added 06/28/14","Add","https://untappd.com/login?go_to=https://untappd.com//lastbestbrew/beer"
"https://untappd.com/lastbestbrew/beer","https://untappd.akamaized.net/site/assets/images/temp/badge-beer-default.png","","https://untappd.com/b/last-best-brewing-and-distilling-winter-ale/1432678","Winter Ale","https://untappd.com/b/last-best-brewing-and-distilling-winter-ale/1432678","Winter Ale","8.5% ABV","30 IBU","(3.39)","107 Ratings","Added 02/18/16","Add","https://untappd.com/login?go_to=https://untappd.com//lastbestbrew/beer"
"https://untappd.com/lastbestbrew/beer","https://untappd.akamaized.net/site/assets/images/temp/badge-beer-default.png","","https://untappd.com/b/last-best-brewing-and-distilling-oktoberfest/1272812","Oktoberfest","https://untappd.com/b/last-best-brewing-and-distilling-oktoberfest/1272812","Märzen","5.7% ABV","42 IBU","(3.42)","114 Ratings","Added 10/12/15","Add","https://untappd.com/login?go_to=https://untappd.com//lastbestbrew/beer"
"https://untappd.com/BrauereiFahr/beer","https://untappd.akamaized.net/site/assets/images/temp/badge-beer-default.png","","https://untappd.com/b/brauerei-fahr-fahr-away/1284762","Fahr Away","https://untappd.com/b/brauerei-fahr-fahr-away/1284762","Hefeweizen","5.3% ABV","14 IBU","(3.86)","324 Ratings","Added 10/23/15","Add","https://untappd.com/login?go_to=https://untappd.com//BrauereiFahr/beer"
"https://untappd.com/BrauereiFahr/beer","https://untappd.akamaized.net/site/assets/images/temp/badge-beer-default.png","","https://untappd.com/b/brauerei-fahr-old-fahrt/1288839","Old Fahrt","https://untappd.com/b/brauerei-fahr-old-fahrt/1288839","Altbier","5.5% ABV","40 IBU","(3.83)","46 Ratings","Added 10/25/15","Add","https://untappd.com/login?go_to=https://untappd.com//BrauereiFahr/beer"
"https://untappd.com/BrauereiFahr/beer","https://untappd.akamaized.net/site/assets/images/temp/badge-beer-default.png","","https://untappd.com/b/brauerei-fahr-a-little-too-fahr/1535004","A Little Too Fahr","https://untappd.com/b/brauerei-fahr-a-little-too-fahr/1535004","Pilsner - German","N/A ABV","N/A IBU","(N/A)","0 Rating","Added 04/30/16","Add","https://untappd.com/login?go_to=https://untappd.com//BrauereiFahr/beer"
"https://untappd.com/Trolley5/beer","https://untappd.akamaized.net/site/assets/images/temp/badge-beer-default.png","","https://untappd.com/b/trolley-no-5-derailed-pale-ale/1545457","Derailed Pale Ale","https://untappd.com/b/trolley-no-5-derailed-pale-ale/1545457","Pale Ale - American","5% ABV","N/A IBU","(3.57)","244 Ratings","Added 05/07/16","Add","https://untappd.com/login?go_to=https://untappd.com//Trolley5/beer"
"https://untappd.com/Trolley5/beer","https://untappd.akamaized.net/site/assets/images/temp/badge-beer-default.png","","https://untappd.com/b/trolley-5-restaurant-and-brewery-first-crush-white-ipa/1606383","First Crush White IPA","https://untappd.com/b/trolley-5-restaurant-and-brewery-first-crush-white-ipa/1606383","IPA - White","6.2% ABV","36 IBU","(3.63)","182 Ratings","Added 06/18/16","Add","https://untappd.com/login?go_to=https://untappd.com//Trolley5/beer"
"https://untappd.com/Trolley5/beer","https://untappd.akamaized.net/site/assets/images/temp/badge-beer-default.png","","https://untappd.com/b/trolley-5-restaurant-and-brewery-zephyr-hefeweizen/1629217","Zephyr Hefeweizen","https://untappd.com/b/trolley-5-restaurant-and-brewery-zephyr-hefeweizen/1629217","Hefeweizen","5% ABV","N/A IBU","(3.55)","129 Ratings","Added 07/02/16","Add","https://untappd.com/login?go_to=https://untappd.com//Trolley5/beer"
"https://untappd.com/Trolley5/beer","https://untappd.akamaized.net/site/assets/images/temp/badge-beer-default.png","","https://untappd.com/b/trolley-5-restaurant-and-brewery-hey-porter/1656879","Hey Porter","https://untappd.com/b/trolley-5-restaurant-and-brewery-hey-porter/1656879","Porter - American","5.9% ABV","N/A IBU","(3.75)","107 Ratings","Added 07/22/16","Add","https://untappd.com/login?go_to=https://untappd.com//Trolley5/beer"
"https://untappd.com/Trolley5/beer","https://untappd.akamaized.net/site/assets/images/temp/badge-beer-default.png","","https://untappd.com/b/trolley-5-restaurant-and-brewery-high-five-ipa/1676637","High Five IPA","https://untappd.com/b/trolley-5-restaurant-and-brewery-high-five-ipa/1676637","IPA - American","6.8% ABV","73 IBU","(3.67)","79 Ratings","Added 08/05/16","Add","https://untappd.com/login?go_to=https://untappd.com//Trolley5/beer"
"https://untappd.com/Trolley5/beer","https://untappd.akamaized.net/site/assets/images/temp/badge-beer-default.png","","https://untappd.com/b/trolley-5-restaurant-and-brewery-downtown-dunkel/1612365","Downtown Dunkel","https://untappd.com/b/trolley-5-restaurant-and-brewery-downtown-dunkel/1612365","Dunkelweizen","5% ABV","N/A IBU","(3.49)","55 Ratings","Added 06/21/16","Add","https://untappd.com/login?go_to=https://untappd.com//Trolley5/beer"
"https://untappd.com/Trolley5/beer","https://untappd.akamaized.net/site/assets/images/temp/badge-beer-default.png","","https://untappd.com/b/trolley-5-restaurant-and-brewery-the-conductor-beltline-lager/1673816","The Conductor Beltline Lager","https://untappd.com/b/trolley-5-restaurant-and-brewery-the-conductor-beltline-lager/1673816","Lager - Amber","5% ABV","24 IBU","(3.94)","25 Ratings","Added 08/03/16","Add","https://untappd.com/login?go_to=https://untappd.com//Trolley5/beer"
"https://untappd.com/goatlockerbeer/beer","https://untappd.akamaized.net/site/beer_logos/beer-1519812_35812_sm.jpeg","","https://untappd.com/b/goat-locker-brewing-company-pale-session-ale/1519812","Pale Session Ale","https://untappd.com/b/goat-locker-brewing-company-pale-session-ale/1519812","Pale Ale - American","4.5% ABV","30 IBU","(3.48)","407 Ratings","Added 04/21/16","Add","https://untappd.com/login?go_to=https://untappd.com//goatlockerbeer/beer"
"https://untappd.com/goatlockerbeer/beer","https://untappd.akamaized.net/site/assets/images/temp/badge-beer-default.png","","https://untappd.com/b/goat-locker-brewing-company-bock/1684341","Bock","https://untappd.com/b/goat-locker-brewing-company-bock/1684341","Bock","5.5% ABV","N/A IBU","(N/A)","4 Ratings","Added 08/10/16","Add","https://untappd.com/login?go_to=https://untappd.com//goatlockerbeer/beer"
"https://untappd.com/w/boiling-oar-brewing/255598/beer","https://untappd.akamaized.net/site/assets/images/temp/badge-beer-default.png","","https://untappd.com/b/boiling-oar-brewing-company-pale-ale/1450240","Pale Ale","https://untappd.com/b/boiling-oar-brewing-company-pale-ale/1450240","Pale Ale - American","6.1% ABV","N/A IBU","(3.49)","225 Ratings","Added 03/02/16","Add","https://untappd.com/login?go_to=https://untappd.com//w/boiling-oar-brewing/255598/beer"
"https://untappd.com/w/boiling-oar-brewing/255598/beer","https://untappd.akamaized.net/site/assets/images/temp/badge-beer-default.png","","https://untappd.com/b/boiling-oar-brewing-company-imperial-india-pale-ale/1455536","Imperial India Pale Ale","https://untappd.com/b/boiling-oar-brewing-company-imperial-india-pale-ale/1455536","IPA - Imperial / Double","8.5% ABV","72 IBU","(3.6)","164 Ratings","Added 03/05/16","Add","https://untappd.com/login?go_to=https://untappd.com//w/boiling-oar-brewing/255598/beer"
"https://untappd.com/w/boiling-oar-brewing/255598/beer","https://untappd.akamaized.net/site/assets/images/temp/badge-beer-default.png","","https://untappd.com/b/boiling-oar-brewing-company-kolsch/1455541","Kolsch","https://untappd.com/b/boiling-oar-brewing-company-kolsch/1455541","Kölsch","4.9% ABV","4 IBU","(3.48)","126 Ratings","Added 03/05/16","Add","https://untappd.com/login?go_to=https://untappd.com//w/boiling-oar-brewing/255598/beer"
"https://untappd.com/w/boiling-oar-brewing/255598/beer","https://untappd.akamaized.net/site/assets/images/temp/badge-beer-default.png","","https://untappd.com/b/boiling-oar-brewing-alberta-big-heart-ale/1601792","Alberta Big Heart Ale","https://untappd.com/b/boiling-oar-brewing-alberta-big-heart-ale/1601792","Pale Ale - American","5% ABV","N/A IBU","(3.43)","50 Ratings","Added 06/14/16","Add","https://untappd.com/login?go_to=https://untappd.com//w/boiling-oar-brewing/255598/beer"
"https://untappd.com/w/boiling-oar-brewing/255598/beer","https://untappd.akamaized.net/site/assets/images/temp/badge-beer-default.png","","https://untappd.com/b/boiling-oar-brewing-three-c-s-imperial-ipa/1681386","Three C's Imperial IPA","https://untappd.com/b/boiling-oar-brewing-three-c-s-imperial-ipa/1681386","IPA - Imperial / Double","8.5% ABV","72 IBU","(N/A)","7 Ratings","Added 08/07/16","Add","https://untappd.com/login?go_to=https://untappd.com//w/boiling-oar-brewing/255598/beer"
"https://untappd.com/w/boiling-oar-brewing/255598/beer","https://untappd.akamaized.net/site/assets/images/temp/badge-beer-default.png","","https://untappd.com/b/boiling-oar-brewing-ghost-pepper-mango-blonde-ale/1603137","Ghost Pepper Mango Blonde Ale","https://untappd.com/b/boiling-oar-brewing-ghost-pepper-mango-blonde-ale/1603137","Blonde Ale","N/A ABV","N/A IBU","(N/A)","4 Ratings","Added 06/16/16","Add","https://untappd.com/login?go_to=https://untappd.com//w/boiling-oar-brewing/255598/beer"
